Workbook

Sheet Draft Student-facing 25-26 CW1
B1: Task 1: Problem identification [20 /100 Marks] | AA1: Task 2a: Implementing Dropout, Weight Penalty, Label Smoothing [30 /100 Marks] | AS1: Task 2b: Mitigating the problem (with Dropout and Weight Penalty, Soft Labels, custom activation function) [35 /100 Marks] | BT1: Task 3: Literature Review and Conclusions [15 /100 Marks]
B2: Question 1: Explain what these figures (Figures 1.a and 1.b) contain and how the curves evolve, and spot where overfitting occurs. Reason based on the min/max points and velocities (direction and magnitude of change) of the accuracy and error curves. | G2: Question Table 1 | H2: Question Figure 2 | I2: Question 2: Present your network width experiment results by using the relevant figure and table. [see also Question 3] | K2: Question 3 [Marking 2 & 3 together, doesn't matter which answer has the info]: Discuss whether varying width affects the results in a consistent way, and whether the results are expected and match well with the prior knowledge (by which we mean your expectations as are formed from the relevant Theory and literature) | Q2: Question Table 2 | R2: Question Figure 3 | S2: Question 4: Present your network depth experiment results by using the relevant figure and table [see Question 5] | U2: Question 5: [Marking 4 & 5 together, doesn't matter which answer has the info]: Discuss whether varying depth affects the results in a consistent way, and whether the results are expected and match well with the prior knowledge (by which we mean your expectations as are formed from the relevant Theory and literature) | AA2: Code Marking: | AL2: Question 6: Explain how one could use a combination of L1 and L2 regularisation. Discuss any potential benefits of this approach. Present an equation for this combined loss function and explain all relevant variables and hyperparameters | AS2: Question Table 3 | AT2: Question Figure 4 | AU2: Question Table 4 | AV2: Question Figure 5 | AW2: Question 7: Assume you had a limited experiment budget for exactly 4 experiment runs dedicated to testing the effectiveness of your proposed combination of L1 and L2 Regularization in Section 3.2.1. Argue for which 4 configurations to run based on any previous results or other information you consider relevant. Run those experiments and add the results in Table 4 and Figure 5 (you will then discuss those results alongside all others in the next question below). (Even if you have not managed to implement your L1 and L2 combination; still argue based on your proposed approach). | BC2: Question 8: Explain the experimental details (e.g. hyperparameters), discuss the results in terms of their generalisation performance and overfitting. Select and test the best performing model as part of this analysis. | BM2: Question Figure 6 | BN2: Question 9: A colleague proposed using a custom activation function (which can be identified as Custom_ActivationLayer() in your Coursework_1.ipynb notebook and the mlp package). Run the prepared experiment in the "Problematic Training" cell in your Coursework_1.ipynb notebook, and display the results in Figure 6. Analyse the results. Is the model overfitting? Explain the cause of the problematic performance of the model? | BT2: Question 10: Briefly draw your conclusions based on the results from the previous sections (what are the take-away messages?), discussing them in the context of the overall literature, and conclude your report with a recommendation for future directions
A3: Checks -> | B3: "Training accuracy increases." | C3: "Validation accuracy caps/reaches maximum/stops increasing..." | D3: "...around/at epoch ##" [have quick glimpse this is very roughly correct for their Figure 1.a]. | E3: States that there is an increase of the generalisation gap... | F3: ... and points out where that is, using the graph. [quick look at Figure 1.b; it should be around the same epoch as for the accuracy figure]. | G3: Table 1 - It has been filled and results roughly around what we would expect (not obviously misacalucated or the result of a broken model) | H3: Figure 2 - Requested graphs are present and roughly as expected (ran for enough time-steps and not indicative of a broken model or run). | I3: Correctly states which models have been overfit... | J3: ... and points to evidence in the figure for the specific training instance/models that overfit. [This can be a statement on which models have their generalisation gap increasing or pointing out specific values on the figures]. [check Table 1 and Figure 2 that their statements are mostly concistent with their results]. | K3: Correctly discusses the trend (or lack thereof) of the generalisation gap/overfitting as hyperparamer values change. [check Table 1 and Figure 2 in case something else holds in the students case; what matters here is consistency with their own results]. | L3: Points out the model with the best validation accuracy (from this series). | M3: Points out the model that overfits less (from this series). [these are not necessarily the same, so the student should not just say "this model is best". If they simply state this charitably assume they are talking about overfitting]. | N3: Uses relevant literature to form their expectations of how the experiment will/should have or would have been expected to turn out. | O3: Forms expectations via (reasonably) arguing based on model capacity. | P3: Goes beyond these expectations in successfully addressing Questions 2&3 (not simply added information but either things that add to the argument or an excellent delivery of previous points). | Q3: Table 2 - It has been filled and results roughly around what we would expect (not obviously misacalucated or the result of a broken model) | R3: Figure 3 - Requested graphs are present and roughly as expected (ran for enough time-steps and not indicative of a broken model or run). | S3: Correctly states which models have been overfit... | T3: ... and points to evidence in the figure for the specific training instance/models that overfit. [This can be a statement on which models have their generalisation gap increasing or pointing out specific values on the figures]. [check Table 2 and Figure 3 that their statements are mostly concistent with their results]. | U3: Discusses the trend (or lack thereof) of the generalisation gap/overfitting as hyperparamer values change. [check Table 2 and Figure 3 in case something else holds in the students case; what matters here is consistency with their own results]. | V3: Points out the model with the best validation accuracy (from this series). | W3: Points out the model that overfits less (from this series). [these are not necessarily the same, so the student should not just say "this model is best". If they simply state this charitably assume they are talking about overfitting]. | X3: Uses relevant literature to form their expectations of how the experiment will/should have or would have been expected to turn out. | Y3: Forms expectations via (reasonably) arguing based on model capacity. | Z3: Goes beyond these expectations in successfully addressing Questions 4&5 (not simply added information but either things that add to the argument or an excellent delivery of previous points). | AA3: Check: Code exists | AB3: Check: Test package exists | AC3: Forward Propagation for DropoutLayer [auto-marked] | AD3: Backwards Propagation for DropoutLayer [auto-marked] | AE3: Call function for L1Penalty [auto-marked] | AF3: Grad check for L1Penalty [auto-marked] | AG3: Call func for L2Penalty [auto-marked] | AH3: Grad check for L2Penalty [auto-marked] | AI3: Label Smoothing correctly implemented | AJ3: L1 & L2 mix is implemented (any form) | AK3: L1 & L2 mix implementation is of the described function in the answer to Question 6 | AL3: State we could add terms with L1 and L2 weights in the cost function. | AM3: Give an equation for the new penalty term. [e.g.: penalty = alpha * l1_penalty + (1 – alpha) * l2_penalty]. | AN3: Identify a relevant approach in the literature [this requires a reference]. | AO3: Mention this adds an extra hyperparameter. [explicit statement, not just adding to equation] | AP3: ... and explain the importance of that. | AQ3: Explain the effect this L1&L2 regularisation mix has on training. Why might someone use this setup over a plain L1 or L2 penalty? | AR3: Goes beyond these expectations in successfully addressing Questions 6 (not simply added information but either things that add to the argument or an excellent delivery of previous points). | AS3: Table 3 - It has been filled and results roughly around what we would expect (not obviously misacalucated or the result of a broken model) | AT3: Figure 4 - Requested graphs are present and roughly as expected (ran for enough time-steps and not indicative of a broken model or run). | AU3: Table 4 - It has been filled and results roughly around what we would expect (not obviously misacalucated or the result of a broken model) | AV3: Figure 5 - Requested graphs are present and roughly as expected (ran for enough time-steps and not indicative of a broken model or run). | AW3: Stays within the expected 4 different experiment setups (as expressed in terms of what hyperparameters they pick; but it can also be a change in achitecture or similar if they want) [Anything more than that is ignored; first 4 configurations are looked at along the relevant argumentation] | AX3: An attempt (at minimum) to specify a question or what they would be trying to figure out from these experiments. | AY3: ... and that question goes beyond trying to see which hyperparameter configurations would work best. [Giving a bit more structure, like "Do smaller values of one hyperparameter value work better with larger values of this other one" is sufficient]. | AZ3: ... and successfully argues for the value of this question (that goes beyond a simple hyperparameter configuration) | BA3: Successfully argues for how the proposed experiments will help address the question. [consider using evidence from the literature and previous experimental results in this coursework] | BB3: Does an exceptional job delivering an argument or surprises positively with its insight. | BC3: All regularisation methods can help with overfitting/overtraining for some hyper parameter value. [However, the point can be given by stating that this is in fact not the case. Check Table 3. Consistency with presented results is what matters here]. | BD3: There are regularisation (hyper parameter) values for which performance degrades significantly. [If however, we have the case as in the previous point where all results are bad, this point is replaced with a need to discuss the expectation that some hyper parameter values make sense to reduce performance but others do not]. | BE3: Correctly state (based on their data) which model from the single-regularisation-approach performed best, based on validation accuracy (or error if they have that). | BF3: Correctly state (based on their data) which model from the single-regularisation-approach performed best in terms of generalisation gap / not overfitting (the smaller the better). | BG3: Compare the performance of baseline with softlabelled baseline. | BH3: Compare performance with regularisation of any kind (any model from any set up or make a general comparison) with that of the baseline's performance. | BI3: Make a reasonable (based on their evidence; see Figure 4 and Table 3) statement on whether overfitting is being tackled by some, any, or all of the approaches. | BJ3: Note some, valid based on their results, relationship between best performing (in terms of accuracy) model and the respective generalisation gap. | BK3: Run and present test results for the best performing model in terms of accuracy and/or overfitting. [Note that because they were given results for most models, they might have to train the best model before they can test. Don't penalise this, but check that they report test results. Same with next point]. | BL3: Goes beyond these expectations in successfully addressing Question 8 (not simply added information but either things that add to the argument or an excellent delivery of previous points). | BM3: Figure 6 - Requested graphs are present and roughly as expected (ran for enough time-steps and not indicative of a broken model or run). | BN3: Clearly states whether the model is overfitting or underfitting, referring to the correct visual evidence from Figure 6. | BO3: Accurately names or describes the type of training fault observed. [Avoid vague terms like “it’s unstable.”]. | BP3: Correctly identifies what element in the network setup or design is producing the fault. | BQ3: Explains how that element leads to the observed behaviour. | BR3: Discusses how the problem could be addressed. | BS3: Goes beyond these expectations in successfully addressing Question 9 (not simply added information but either things that add to the argument or an excellent delivery of previous points). | BT3: (At least an attempt to) summarise the experiment results | BU3: The sumary effectively conveys the range of things tested | BV3: There is some relevant discussion (not just a mention) on some of the literature cited earlier in the report. | BW3: Results are compared with relevant results in the literature (any literature) | BX3: State whether dropout or L1/L2 helped with overfitting. [not simply giving results that indicate that or say that X model helped; I am looking for a general statement on how the techniques seem to work, based on the results] | BY3: Compare Dropout-only with Weight-only (either or both of L1 and L2) based on the experimental results. | BZ3: Indicate additional (that is: not asked for explicitly in the paper) reasonable alternatives for combatting overfitting | CA3: ... and cite an appropriate paper for that method | CB3: Suggest any reasonable future work (at least incremental, as in "we could also try this") [Answer to Question 7 does not count for this one. You will need something new] | CC3: Effectively make use of the literature in arguing for Future Work | CD3: Explain the relevance of "network capacity" to overfitting. Discussing how both width and depth increase the newtworks size should be treated as equivalent to using the term; then also explain how that affects overfitting. | CE3: You can find one thing that shows quality extra/not anticipated from these points analysis. [Maybe the future work suggestion is particularly interesting or shows good thought, or perhaps there is some further interesting analysis of the experiments, or they attempt a mini comparative review of different approaches using evidence from the literature]
B5: Easy - Pass requires a majority of these points
B6: Medium - Point of Merit | E6: These checks are used to get a good sense of the work. The marker then considers these against the University Common Marking Scheme, looks at the overall work in each Task, and judges the work in accordance. At a minimum, you should expect to meet most Points of Merit to receive a Merit for a Task, and almost all Points of Merit & A Point of Distinction to receive a Distinction for a Task.
B7: Hard - Point of Distinction
E10: Points are NOT equally weighted, and the mark is NOT produced as a linear function of these points.

Sheet Task 2a - Mitigating the Proble
U1: CW1: Roughly 135 hours total marking -> Roughly 30 minutes per report total&averaged
Q2: Yifu 30 hours total (both CW) (max: 6/6/6) (rows 167 - 196) | R2: Pavlos / Hakan (rows 197 -206) | S2: Mantas 40 hours total (both CW) (rows 205-213) | U2: Task 2a: Mitigating the problem with Dropout and Weight Penalty [10 /100 Marks]
Q3: Ronald 30 hours total (both CW) (max: 8/12/10) (rows 137 - 166) | R3: Xiaoliang 60 hours total (both CW) (max: 10/10/20) (rows 7 - 66) | U3: Question 12: Explain how one could use a combination of L1 and L2 regularization. Discuss any potential benefits of this approach. [10 /100 Marks]
Q4: Salvatore 30 hours total (both CW) (max: 15/6/0) (rows 107 - 136) | R4: Hao 40 hours total (both CW) (max: 0/20/20) (rows 67 - 106) | T4: Points -> | U4: They state we could add terms with L1 and L2 weights in the cost function. | V4: They give a rough equation for the new penalty term. [e.g.: penalty = alpha * l1_penalty + (1 – alpha) * l2_penalty]. | W4: They mention Elastic Nets. | X4: They cite: /Hui Zou,Trevor Hastie, Regularization and variable selection via the elastic net/ OR use a another reference defining Elastic nets. | Y4: They mention this adds an extra hyperparameter. [explicit statement, not just adding to equation] | Z4: They state that this might/could/does give us the benefits of both approaches. | AA4: They state that this might not be better in practice, as it introduces an extra hyperparameter. | AB4: Gives any added insight [state what in comments] | AC4: Comments: [point out good insight if relevant point given] & [point out any obvious misunderstanding]
A5: Marker | B5: SUM | C5: COUNT | D5: Total Marks | E5: Basic Sum | F5: Adv. Sum | G5: Expert sum | H5: 20 | I5: 30+ | J5: 40+ | K5: 50+ | L5: 60+ | M5: 70+ | N5: 80+ | O5: 90+ | P5: 100 | Q5: Problem? (comment in cell) | R5: Report missing (1 = missing) | S5: Submission Date | T5: Student UUN | U5: - | W5: -2 | AC5: -3
A6: Example Marker | T6: s####### | U6: 1 | V6: 0 | W6: 1 | X6: 1 | Y6: 0 | Z6: 1 | AA6: 0 | AB6: 0 | AC6: Good that you discuss when one might want to use a combined Loss.
B7: =(SUM(U7:AB7)) -> 5 | C7: =(COUNT(U7:AB7)) -> 8 | D7: =ROUNDUP( MAX( IF(P7,100, IF(O7,80, IF(N7,70, IF(M7,60, IF(L7,55, IF(K7,50, IF(J7,45, IF(I7,35, IF(H7,25, 0))))))))), 100 * B7/C7 ) * 10 / 100,0) -> 7 | E7: =SUM(U7, Z7) -> 2 | F7: =SUM(V7, W7, X7) -> 1 | G7: =SUM(Y7, AA7, AB7) -> 2 | H7: =IF(B7>0,1,0) -> 1 | I7: =IF( B7/C7 > 0.2, 1, IF(E7>0, 1, 0) ) -> 1 | J7: =IF( B7/C7 > 0.4, 1, IF( E7=2, 1, IF(AND(E7>0, OR(F7>0, G7>0)), 1, 0 ) )) -> 1 | K7: =IF(B7/C7 > 0.5, 1, IF( E7=2, 1, IF(AND(E7>0, OR(F7>1, G7>0)), 1, 0 ) )) -> 1 | L7: =IF(B7/C7 > 0.6, 1, IF( AND(E7=2, OR(F7>0, G7>0)), 1, 0 ) ) -> 1 | M7: =IF(B7/C7 > 0.7, 1, IF( AND(E7=2, SUM(F7, G7)>1), 1, 0 ) ) -> 1 | N7: =IF(B7/C7 > 0.8, 1, IF( AND(E7=2, SUM(F7, G7)>3), 1, 0 ) ) -> 0 | O7: =IF(B7/C7 > 0.9, 1, 0) -> 0 | P7: =ROUNDDOWN(B7/C7,0) -> 0 | U7: 1 | V7: 1 | W7: 0 | X7: 0 | Y7: 1 | Z7: 1 | AA7: 1 | AB7: 0
B8: =(SUM(U8:AB8)) -> 2 | C8: =(COUNT(U8:AB8)) -> 8 | D8: =ROUNDUP( MAX( IF(P8,100, IF(O8,80, IF(N8,70, IF(M8,60, IF(L8,55, IF(K8,50, IF(J8,45, IF(I8,35, IF(H8,25, 0))))))))), 100 * B8/C8 ) * 10 / 100,0) -> 5 | E8: =SUM(U8, Z8) -> 1 | F8: =SUM(V8, W8, X8) -> 1 | G8: =SUM(Y8, AA8, AB8) -> 0 | H8: =IF(B8>0,1,0) -> 1 | I8: =IF( B8/C8 > 0.2, 1, IF(E8>0, 1, 0) ) -> 1 | J8: =IF( B8/C8 > 0.4, 1, IF( E8=2, 1, IF(AND(E8>0, OR(F8>0, G8>0)), 1, 0 ) )) -> 1 | K8: =IF(B8/C8 > 0.5, 1, IF( E8=2, 1, IF(AND(E8>0, OR(F8>1, G8>0)), 1, 0 ) )) -> 0 | L8: =IF(B8/C8 > 0.6, 1, IF( AND(E8=2, OR(F8>0, G8>0)), 1, 0 ) ) -> 0 | M8: =IF(B8/C8 > 0.7, 1, IF( AND(E8=2, SUM(F8, G8)>1), 1, 0 ) ) -> 0 | N8: =IF(B8/C8 > 0.8, 1, IF( AND(E8=2, SUM(F8, G8)>3), 1, 0 ) ) -> 0 | O8: =IF(B8/C8 > 0.9, 1, 0) -> 0 | P8: =ROUNDDOWN(B8/C8,0) -> 0 | U8: 0 | V8: 0 | W8: 1 | X8: 0 | Y8: 0 | Z8: 1 | AA8: 0 | AB8: 0
B9: =(SUM(U9:AB9)) -> 3 | C9: =(COUNT(U9:AB9)) -> 8 | D9: =ROUNDUP( MAX( IF(P9,100, IF(O9,80, IF(N9,70, IF(M9,60, IF(L9,55, IF(K9,50, IF(J9,45, IF(I9,35, IF(H9,25, 0))))))))), 100 * B9/C9 ) * 10 / 100,0) -> 6 | E9: =SUM(U9, Z9) -> 2 | F9: =SUM(V9, W9, X9) -> 1 | G9: =SUM(Y9, AA9, AB9) -> 0 | H9: =IF(B9>0,1,0) -> 1 | I9: =IF( B9/C9 > 0.2, 1, IF(E9>0, 1, 0) ) -> 1 | J9: =IF( B9/C9 > 0.4, 1, IF( E9=2, 1, IF(AND(E9>0, OR(F9>0, G9>0)), 1, 0 ) )) -> 1 | K9: =IF(B9/C9 > 0.5, 1, IF( E9=2, 1, IF(AND(E9>0, OR(F9>1, G9>0)), 1, 0 ) )) -> 1 | L9: =IF(B9/C9 > 0.6, 1, IF( AND(E9=2, OR(F9>0, G9>0)), 1, 0 ) ) -> 1 | M9: =IF(B9/C9 > 0.7, 1, IF( AND(E9=2, SUM(F9, G9)>1), 1, 0 ) ) -> 0 | N9: =IF(B9/C9 > 0.8, 1, IF( AND(E9=2, SUM(F9, G9)>3), 1, 0 ) ) -> 0 | O9: =IF(B9/C9 > 0.9, 1, 0) -> 0 | P9: =ROUNDDOWN(B9/C9,0) -> 0 | U9: 1 | V9: 0 | W9: 1 | X9: 0 | Y9: 0 | Z9: 1 | AA9: 0 | AB9: 0
B10: =(SUM(U10:AB10)) -> 2 | C10: =(COUNT(U10:AB10)) -> 8 | D10: =ROUNDUP( MAX( IF(P10,100, IF(O10,80, IF(N10,70, IF(M10,60, IF(L10,55, IF(K10,50, IF(J10,45, IF(I10,35, IF(H10,25, 0))))))))), 100 * B10/C10 ) * 10 / 100,0) -> 5 | E10: =SUM(U10, Z10) -> 2 | F10: =SUM(V10, W10, X10) -> 0 | G10: =SUM(Y10, AA10, AB10) -> 0 | H10: =IF(B10>0,1,0) -> 1 | I10: =IF( B10/C10 > 0.2, 1, IF(E10>0, 1, 0) ) -> 1 | J10: =IF( B10/C10 > 0.4, 1, IF( E10=2, 1, IF(AND(E10>0, OR(F10>0, G10>0)), 1, 0 ) )) -> 1 | K10: =IF(B10/C10 > 0.5, 1, IF( E10=2, 1, IF(AND(E10>0, OR(F10>1, G10>0)), 1, 0 ) )) -> 1 | L10: =IF(B10/C10 > 0.6, 1, IF( AND(E10=2, OR(F10>0, G10>0)), 1, 0 ) ) -> 0 | M10: =IF(B10/C10 > 0.7, 1, IF( AND(E10=2, SUM(F10, G10)>1), 1, 0 ) ) -> 0 | N10: =IF(B10/C10 > 0.8, 1, IF( AND(E10=2, SUM(F10, G10)>3), 1, 0 ) ) -> 0 | O10: =IF(B10/C10 > 0.9, 1, 0) -> 0 | P10: =ROUNDDOWN(B10/C10,0) -> 0 | U10: 1 | V10: 0 | W10: 0 | X10: 0 | Y10: 0 | Z10: 1 | AA10: 0 | AB10: 0
B11: =(SUM(U11:AB11)) -> 3 | C11: =(COUNT(U11:AB11)) -> 8 | D11: =ROUNDUP( MAX( IF(P11,100, IF(O11,80, IF(N11,70, IF(M11,60, IF(L11,55, IF(K11,50, IF(J11,45, IF(I11,35, IF(H11,25, 0))))))))), 100 * B11/C11 ) * 10 / 100,0) -> 6 | E11: =SUM(U11, Z11) -> 2 | F11: =SUM(V11, W11, X11) -> 1 | G11: =SUM(Y11, AA11, AB11) -> 0 | H11: =IF(B11>0,1,0) -> 1 | I11: =IF( B11/C11 > 0.2, 1, IF(E11>0, 1, 0) ) -> 1 | J11: =IF( B11/C11 > 0.4, 1, IF( E11=2, 1, IF(AND(E11>0, OR(F11>0, G11>0)), 1, 0 ) )) -> 1 | K11: =IF(B11/C11 > 0.5, 1, IF( E11=2, 1, IF(AND(E11>0, OR(F11>1, G11>0)), 1, 0 ) )) -> 1 | L11: =IF(B11/C11 > 0.6, 1, IF( AND(E11=2, OR(F11>0, G11>0)), 1, 0 ) ) -> 1 | M11: =IF(B11/C11 > 0.7, 1, IF( AND(E11=2, SUM(F11, G11)>1), 1, 0 ) ) -> 0 | N11: =IF(B11/C11 > 0.8, 1, IF( AND(E11=2, SUM(F11, G11)>3), 1, 0 ) ) -> 0 | O11: =IF(B11/C11 > 0.9, 1, 0) -> 0 | P11: =ROUNDDOWN(B11/C11,0) -> 0 | U11: 1 | V11: 0 | W11: 1 | X11: 0 | Y11: 0 | Z11: 1 | AA11: 0 | AB11: 0
B12: =(SUM(U12:AB12)) -> 5 | C12: =(COUNT(U12:AB12)) -> 8 | D12: =ROUNDUP( MAX( IF(P12,100, IF(O12,80, IF(N12,70, IF(M12,60, IF(L12,55, IF(K12,50, IF(J12,45, IF(I12,35, IF(H12,25, 0))))))))), 100 * B12/C12 ) * 10 / 100,0) -> 7 | E12: =SUM(U12, Z12) -> 2 | F12: =SUM(V12, W12, X12) -> 3 | G12: =SUM(Y12, AA12, AB12) -> 0 | H12: =IF(B12>0,1,0) -> 1 | I12: =IF( B12/C12 > 0.2, 1, IF(E12>0, 1, 0) ) -> 1 | J12: =IF( B12/C12 > 0.4, 1, IF( E12=2, 1, IF(AND(E12>0, OR(F12>0, G12>0)), 1, 0 ) )) -> 1 | K12: =IF(B12/C12 > 0.5, 1, IF( E12=2, 1, IF(AND(E12>0, OR(F12>1, G12>0)), 1, 0 ) )) -> 1 | L12: =IF(B12/C12 > 0.6, 1, IF( AND(E12=2, OR(F12>0, G12>0)), 1, 0 ) ) -> 1 | M12: =IF(B12/C12 > 0.7, 1, IF( AND(E12=2, SUM(F12, G12)>1), 1, 0 ) ) -> 1 | N12: =IF(B12/C12 > 0.8, 1, IF( AND(E12=2, SUM(F12, G12)>3), 1, 0 ) ) -> 0 | O12: =IF(B12/C12 > 0.9, 1, 0) -> 0 | P12: =ROUNDDOWN(B12/C12,0) -> 0 | U12: 1 | V12: 1 | W12: 1 | X12: 1 | Y12: 0 | Z12: 1 | AA12: 0 | AB12: 0
B13: =(SUM(U13:AB13)) -> 5 | C13: =(COUNT(U13:AB13)) -> 8 | D13: =ROUNDUP( MAX( IF(P13,100, IF(O13,80, IF(N13,70, IF(M13,60, IF(L13,55, IF(K13,50, IF(J13,45, IF(I13,35, IF(H13,25, 0))))))))), 100 * B13/C13 ) * 10 / 100,0) -> 7 | E13: =SUM(U13, Z13) -> 2 | F13: =SUM(V13, W13, X13) -> 3 | G13: =SUM(Y13, AA13, AB13) -> 0 | H13: =IF(B13>0,1,0) -> 1 | I13: =IF( B13/C13 > 0.2, 1, IF(E13>0, 1, 0) ) -> 1 | J13: =IF( B13/C13 > 0.4, 1, IF( E13=2, 1, IF(AND(E13>0, OR(F13>0, G13>0)), 1, 0 ) )) -> 1 | K13: =IF(B13/C13 > 0.5, 1, IF( E13=2, 1, IF(AND(E13>0, OR(F13>1, G13>0)), 1, 0 ) )) -> 1 | L13: =IF(B13/C13 > 0.6, 1, IF( AND(E13=2, OR(F13>0, G13>0)), 1, 0 ) ) -> 1 | M13: =IF(B13/C13 > 0.7, 1, IF( AND(E13=2, SUM(F13, G13)>1), 1, 0 ) ) -> 1 | N13: =IF(B13/C13 > 0.8, 1, IF( AND(E13=2, SUM(F13, G13)>3), 1, 0 ) ) -> 0 | O13: =IF(B13/C13 > 0.9, 1, 0) -> 0 | P13: =ROUNDDOWN(B13/C13,0) -> 0 | U13: 1 | V13: 1 | W13: 1 | X13: 1 | Y13: 0 | Z13: 1 | AA13: 0 | AB13: 0
B14: =(SUM(U14:AB14)) -> 2 | C14: =(COUNT(U14:AB14)) -> 8 | D14: =ROUNDUP( MAX( IF(P14,100, IF(O14,80, IF(N14,70, IF(M14,60, IF(L14,55, IF(K14,50, IF(J14,45, IF(I14,35, IF(H14,25, 0))))))))), 100 * B14/C14 ) * 10 / 100,0) -> 5 | E14: =SUM(U14, Z14) -> 2 | F14: =SUM(V14, W14, X14) -> 0 | G14: =SUM(Y14, AA14, AB14) -> 0 | H14: =IF(B14>0,1,0) -> 1 | I14: =IF( B14/C14 > 0.2, 1, IF(E14>0, 1, 0) ) -> 1 | J14: =IF( B14/C14 > 0.4, 1, IF( E14=2, 1, IF(AND(E14>0, OR(F14>0, G14>0)), 1, 0 ) )) -> 1 | K14: =IF(B14/C14 > 0.5, 1, IF( E14=2, 1, IF(AND(E14>0, OR(F14>1, G14>0)), 1, 0 ) )) -> 1 | L14: =IF(B14/C14 > 0.6, 1, IF( AND(E14=2, OR(F14>0, G14>0)), 1, 0 ) ) -> 0 | M14: =IF(B14/C14 > 0.7, 1, IF( AND(E14=2, SUM(F14, G14)>1), 1, 0 ) ) -> 0 | N14: =IF(B14/C14 > 0.8, 1, IF( AND(E14=2, SUM(F14, G14)>3), 1, 0 ) ) -> 0 | O14: =IF(B14/C14 > 0.9, 1, 0) -> 0 | P14: =ROUNDDOWN(B14/C14,0) -> 0 | U14: 1 | V14: 0 | W14: 0 | X14: 0 | Y14: 0 | Z14: 1 | AA14: 0 | AB14: 0
B15: =(SUM(U15:AB15)) -> 2 | C15: =(COUNT(U15:AB15)) -> 8 | D15: =ROUNDUP( MAX( IF(P15,100, IF(O15,80, IF(N15,70, IF(M15,60, IF(L15,55, IF(K15,50, IF(J15,45, IF(I15,35, IF(H15,25, 0))))))))), 100 * B15/C15 ) * 10 / 100,0) -> 5 | E15: =SUM(U15, Z15) -> 2 | F15: =SUM(V15, W15, X15) -> 0 | G15: =SUM(Y15, AA15, AB15) -> 0 | H15: =IF(B15>0,1,0) -> 1 | I15: =IF( B15/C15 > 0.2, 1, IF(E15>0, 1, 0) ) -> 1 | J15: =IF( B15/C15 > 0.4, 1, IF( E15=2, 1, IF(AND(E15>0, OR(F15>0, G15>0)), 1, 0 ) )) -> 1 | K15: =IF(B15/C15 > 0.5, 1, IF( E15=2, 1, IF(AND(E15>0, OR(F15>1, G15>0)), 1, 0 ) )) -> 1 | L15: =IF(B15/C15 > 0.6, 1, IF( AND(E15=2, OR(F15>0, G15>0)), 1, 0 ) ) -> 0 | M15: =IF(B15/C15 > 0.7, 1, IF( AND(E15=2, SUM(F15, G15)>1), 1, 0 ) ) -> 0 | N15: =IF(B15/C15 > 0.8, 1, IF( AND(E15=2, SUM(F15, G15)>3), 1, 0 ) ) -> 0 | O15: =IF(B15/C15 > 0.9, 1, 0) -> 0 | P15: =ROUNDDOWN(B15/C15,0) -> 0 | U15: 1 | V15: 0 | W15: 0 | X15: 0 | Y15: 0 | Z15: 1 | AA15: 0 | AB15: 0
B16: =(SUM(U16:AB16)) -> 3 | C16: =(COUNT(U16:AB16)) -> 8 | D16: =ROUNDUP( MAX( IF(P16,100, IF(O16,80, IF(N16,70, IF(M16,60, IF(L16,55, IF(K16,50, IF(J16,45, IF(I16,35, IF(H16,25, 0))))))))), 100 * B16/C16 ) * 10 / 100,0) -> 6 | E16: =SUM(U16, Z16) -> 2 | F16: =SUM(V16, W16, X16) -> 1 | G16: =SUM(Y16, AA16, AB16) -> 0 | H16: =IF(B16>0,1,0) -> 1 | I16: =IF( B16/C16 > 0.2, 1, IF(E16>0, 1, 0) ) -> 1 | J16: =IF( B16/C16 > 0.4, 1, IF( E16=2, 1, IF(AND(E16>0, OR(F16>0, G16>0)), 1, 0 ) )) -> 1 | K16: =IF(B16/C16 > 0.5, 1, IF( E16=2, 1, IF(AND(E16>0, OR(F16>1, G16>0)), 1, 0 ) )) -> 1 | L16: =IF(B16/C16 > 0.6, 1, IF( AND(E16=2, OR(F16>0, G16>0)), 1, 0 ) ) -> 1 | M16: =IF(B16/C16 > 0.7, 1, IF( AND(E16=2, SUM(F16, G16)>1), 1, 0 ) ) -> 0 | N16: =IF(B16/C16 > 0.8, 1, IF( AND(E16=2, SUM(F16, G16)>3), 1, 0 ) ) -> 0 | O16: =IF(B16/C16 > 0.9, 1, 0) -> 0 | P16: =ROUNDDOWN(B16/C16,0) -> 0 | U16: 1 | V16: 1 | W16: 0 | X16: 0 | Y16: 0 | Z16: 1 | AA16: 0 | AB16: 0
B17: =(SUM(U17:AB17)) -> 2 | C17: =(COUNT(U17:AB17)) -> 8 | D17: =ROUNDUP( MAX( IF(P17,100, IF(O17,80, IF(N17,70, IF(M17,60, IF(L17,55, IF(K17,50, IF(J17,45, IF(I17,35, IF(H17,25, 0))))))))), 100 * B17/C17 ) * 10 / 100,0) -> 5 | E17: =SUM(U17, Z17) -> 2 | F17: =SUM(V17, W17, X17) -> 0 | G17: =SUM(Y17, AA17, AB17) -> 0 | H17: =IF(B17>0,1,0) -> 1 | I17: =IF( B17/C17 > 0.2, 1, IF(E17>0, 1, 0) ) -> 1 | J17: =IF( B17/C17 > 0.4, 1, IF( E17=2, 1, IF(AND(E17>0, OR(F17>0, G17>0)), 1, 0 ) )) -> 1 | K17: =IF(B17/C17 > 0.5, 1, IF( E17=2, 1, IF(AND(E17>0, OR(F17>1, G17>0)), 1, 0 ) )) -> 1 | L17: =IF(B17/C17 > 0.6, 1, IF( AND(E17=2, OR(F17>0, G17>0)), 1, 0 ) ) -> 0 | M17: =IF(B17/C17 > 0.7, 1, IF( AND(E17=2, SUM(F17, G17)>1), 1, 0 ) ) -> 0 | N17: =IF(B17/C17 > 0.8, 1, IF( AND(E17=2, SUM(F17, G17)>3), 1, 0 ) ) -> 0 | O17: =IF(B17/C17 > 0.9, 1, 0) -> 0 | P17: =ROUNDDOWN(B17/C17,0) -> 0 | U17: 1 | V17: 0 | W17: 0 | X17: 0 | Y17: 0 | Z17: 1 | AA17: 0 | AB17: 0
B18: =(SUM(U18:AB18)) -> 5 | C18: =(COUNT(U18:AB18)) -> 8 | D18: =ROUNDUP( MAX( IF(P18,100, IF(O18,80, IF(N18,70, IF(M18,60, IF(L18,55, IF(K18,50, IF(J18,45, IF(I18,35, IF(H18,25, 0))))))))), 100 * B18/C18 ) * 10 / 100,0) -> 7 | E18: =SUM(U18, Z18) -> 2 | F18: =SUM(V18, W18, X18) -> 3 | G18: =SUM(Y18, AA18, AB18) -> 0 | H18: =IF(B18>0,1,0) -> 1 | I18: =IF( B18/C18 > 0.2, 1, IF(E18>0, 1, 0) ) -> 1 | J18: =IF( B18/C18 > 0.4, 1, IF( E18=2, 1, IF(AND(E18>0, OR(F18>0, G18>0)), 1, 0 ) )) -> 1 | K18: =IF(B18/C18 > 0.5, 1, IF( E18=2, 1, IF(AND(E18>0, OR(F18>1, G18>0)), 1, 0 ) )) -> 1 | L18: =IF(B18/C18 > 0.6, 1, IF( AND(E18=2, OR(F18>0, G18>0)), 1, 0 ) ) -> 1 | M18: =IF(B18/C18 > 0.7, 1, IF( AND(E18=2, SUM(F18, G18)>1), 1, 0 ) ) -> 1 | N18: =IF(B18/C18 > 0.8, 1, IF( AND(E18=2, SUM(F18, G18)>3), 1, 0 ) ) -> 0 | O18: =IF(B18/C18 > 0.9, 1, 0) -> 0 | P18: =ROUNDDOWN(B18/C18,0) -> 0 | U18: 1 | V18: 1 | W18: 1 | X18: 1 | Y18: 0 | Z18: 1 | AA18: 0 | AB18: 0
... B52: =(SUM(U52:AB52)) -> 3 | C52: =(COUNT(U52:AB52)) -> 8 | D52: =ROUNDUP( MAX( IF(P52,100, IF(O52,80, IF(N52,70, IF(M52,60, IF(L52,55, IF(K52,50, IF(J52,45, IF(I52,35, IF(H52,25, 0))))))))), 100 * B52/C52 ) * 10 / 100,0) -> 5 | E52: =SUM(U52, Z52) -> 1 | F52: =SUM(V52, W52, X52) -> 2 | G52: =SUM(Y52, AA52, AB52) -> 0 | H52: =IF(B52>0,1,0) -> 1 | I52: =IF( B52/C52 > 0.2, 1, IF(E52>0, 1, 0) ) -> 1 | J52: =IF( B52/C52 > 0.4, 1, IF( E52=2, 1, IF(AND(E52>0, OR(F52>0, G52>0)), 1, 0 ) )) -> 1 | K52: =IF(B52/C52 > 0.5, 1, IF( E52=2, 1, IF(AND(E52>0, OR(F52>1, G52>0)), 1, 0 ) )) -> 1 | L52: =IF(B52/C52 > 0.6, 1, IF( AND(E52=2, OR(F52>0, G52>0)), 1, 0 ) ) -> 0 | M52: =IF(B52/C52 > 0.7, 1, IF( AND(E52=2, SUM(F52, G52)>1), 1, 0 ) ) -> 0 | N52: =IF(B52/C52 > 0.8, 1, IF( AND(E52=2, SUM(F52, G52)>3), 1, 0 ) ) -> 0 | O52: =IF(B52/C52 > 0.9, 1, 0) -> 0 | P52: =ROUNDDOWN(B52/C52,0) -> 0 | U52: 0 | V52: 0 | W52: 1 | X52: 1 | Y52: 0 | Z52: 1 | AA52: 0 | AB52: 0
B53: =(SUM(U53:AB53)) -> 1 | C53: =(COUNT(U53:AB53)) -> 8 | D53: =ROUNDUP( MAX( IF(P53,100, IF(O53,80, IF(N53,70, IF(M53,60, IF(L53,55, IF(K53,50, IF(J53,45, IF(I53,35, IF(H53,25, 0))))))))), 100 * B53/C53 ) * 10 / 100,0) -> 4 | E53: =SUM(U53, Z53) -> 1 | F53: =SUM(V53, W53, X53) -> 0 | G53: =SUM(Y53, AA53, AB53) -> 0 | H53: =IF(B53>0,1,0) -> 1 | I53: =IF( B53/C53 > 0.2, 1, IF(E53>0, 1, 0) ) -> 1 | J53: =IF( B53/C53 > 0.4, 1, IF( E53=2, 1, IF(AND(E53>0, OR(F53>0, G53>0)), 1, 0 ) )) -> 0 | K53: =IF(B53/C53 > 0.5, 1, IF( E53=2, 1, IF(AND(E53>0, OR(F53>1, G53>0)), 1, 0 ) )) -> 0 | L53: =IF(B53/C53 > 0.6, 1, IF( AND(E53=2, OR(F53>0, G53>0)), 1, 0 ) ) -> 0 | M53: =IF(B53/C53 > 0.7, 1, IF( AND(E53=2, SUM(F53, G53)>1), 1, 0 ) ) -> 0 | N53: =IF(B53/C53 > 0.8, 1, IF( AND(E53=2, SUM(F53, G53)>3), 1, 0 ) ) -> 0 | O53: =IF(B53/C53 > 0.9, 1, 0) -> 0 | P53: =ROUNDDOWN(B53/C53,0) -> 0 | U53: 1 | V53: 0 | W53: 0 | X53: 0 | Y53: 0 | Z53: 0 | AA53: 0 | AB53: 0 | AC53: You start discussing individual benefits. A discussion of their interplay would have ben meaningful. Other than that, this was about the "how".
B54: =(SUM(U54:AB54)) -> 3 | C54: =(COUNT(U54:AB54)) -> 8 | D54: =ROUNDUP( MAX( IF(P54,100, IF(O54,80, IF(N54,70, IF(M54,60, IF(L54,55, IF(K54,50, IF(J54,45, IF(I54,35, IF(H54,25, 0))))))))), 100 * B54/C54 ) * 10 / 100,0) -> 5 | E54: =SUM(U54, Z54) -> 1 | F54: =SUM(V54, W54, X54) -> 1 | G54: =SUM(Y54, AA54, AB54) -> 1 | H54: =IF(B54>0,1,0) -> 1 | I54: =IF( B54/C54 > 0.2, 1, IF(E54>0, 1, 0) ) -> 1 | J54: =IF( B54/C54 > 0.4, 1, IF( E54=2, 1, IF(AND(E54>0, OR(F54>0, G54>0)), 1, 0 ) )) -> 1 | K54: =IF(B54/C54 > 0.5, 1, IF( E54=2, 1, IF(AND(E54>0, OR(F54>1, G54>0)), 1, 0 ) )) -> 1 | L54: =IF(B54/C54 > 0.6, 1, IF( AND(E54=2, OR(F54>0, G54>0)), 1, 0 ) ) -> 0 | M54: =IF(B54/C54 > 0.7, 1, IF( AND(E54=2, SUM(F54, G54)>1), 1, 0 ) ) -> 0 | N54: =IF(B54/C54 > 0.8, 1, IF( AND(E54=2, SUM(F54, G54)>3), 1, 0 ) ) -> 0 | O54: =IF(B54/C54 > 0.9, 1, 0) -> 0 | P54: =ROUNDDOWN(B54/C54,0) -> 0 | U54: 0 | V54: 0 | W54: 1 | X54: 0 | Y54: 1 | Z54: 1 | AA54: 0 | AB54: 0
B55: =(SUM(U55:AB55)) -> 2 | C55: =(COUNT(U55:AB55)) -> 8 | D55: =ROUNDUP( MAX( IF(P55,100, IF(O55,80, IF(N55,70, IF(M55,60, IF(L55,55, IF(K55,50, IF(J55,45, IF(I55,35, IF(H55,25, 0))))))))), 100 * B55/C55 ) * 10 / 100,0) -> 5 | E55: =SUM(U55, Z55) -> 1 | F55: =SUM(V55, W55, X55) -> 1 | G55: =SUM(Y55, AA55, AB55) -> 0 | H55: =IF(B55>0,1,0) -> 1 | I55: =IF( B55/C55 > 0.2, 1, IF(E55>0, 1, 0) ) -> 1 | J55: =IF( B55/C55 > 0.4, 1, IF( E55=2, 1, IF(AND(E55>0, OR(F55>0, G55>0)), 1, 0 ) )) -> 1 | K55: =IF(B55/C55 > 0.5, 1, IF( E55=2, 1, IF(AND(E55>0, OR(F55>1, G55>0)), 1, 0 ) )) -> 0 | L55: =IF(B55/C55 > 0.6, 1, IF( AND(E55=2, OR(F55>0, G55>0)), 1, 0 ) ) -> 0 | M55: =IF(B55/C55 > 0.7, 1, IF( AND(E55=2, SUM(F55, G55)>1), 1, 0 ) ) -> 0 | N55: =IF(B55/C55 > 0.8, 1, IF( AND(E55=2, SUM(F55, G55)>3), 1, 0 ) ) -> 0 | O55: =IF(B55/C55 > 0.9, 1, 0) -> 0 | P55: =ROUNDDOWN(B55/C55,0) -> 0 | U55: 0 | V55: 1 | W55: 0 | X55: 0 | Y55: 0 | Z55: 1 | AA55: 0 | AB55: 0
B56: =(SUM(U56:AB56)) -> 3 | C56: =(COUNT(U56:AB56)) -> 8 | D56: =ROUNDUP( MAX( IF(P56,100, IF(O56,80, IF(N56,70, IF(M56,60, IF(L56,55, IF(K56,50, IF(J56,45, IF(I56,35, IF(H56,25, 0))))))))), 100 * B56/C56 ) * 10 / 100,0) -> 6 | E56: =SUM(U56, Z56) -> 2 | F56: =SUM(V56, W56, X56) -> 1 | G56: =SUM(Y56, AA56, AB56) -> 0 | H56: =IF(B56>0,1,0) -> 1 | I56: =IF( B56/C56 > 0.2, 1, IF(E56>0, 1, 0) ) -> 1 | J56: =IF( B56/C56 > 0.4, 1, IF( E56=2, 1, IF(AND(E56>0, OR(F56>0, G56>0)), 1, 0 ) )) -> 1 | K56: =IF(B56/C56 > 0.5, 1, IF( E56=2, 1, IF(AND(E56>0, OR(F56>1, G56>0)), 1, 0 ) )) -> 1 | L56: =IF(B56/C56 > 0.6, 1, IF( AND(E56=2, OR(F56>0, G56>0)), 1, 0 ) ) -> 1 | M56: =IF(B56/C56 > 0.7, 1, IF( AND(E56=2, SUM(F56, G56)>1), 1, 0 ) ) -> 0 | N56: =IF(B56/C56 > 0.8, 1, IF( AND(E56=2, SUM(F56, G56)>3), 1, 0 ) ) -> 0 | O56: =IF(B56/C56 > 0.9, 1, 0) -> 0 | P56: =ROUNDDOWN(B56/C56,0) -> 0 | U56: 1 | V56: 1 | W56: 0 | X56: 0 | Y56: 0 | Z56: 1 | AA56: 0 | AB56: 0
B57: =(SUM(U57:AB57)) -> 2 | C57: =(COUNT(U57:AB57)) -> 8 | D57: =ROUNDUP( MAX( IF(P57,100, IF(O57,80, IF(N57,70, IF(M57,60, IF(L57,55, IF(K57,50, IF(J57,45, IF(I57,35, IF(H57,25, 0))))))))), 100 * B57/C57 ) * 10 / 100,0) -> 5 | E57: =SUM(U57, Z57) -> 1 | F57: =SUM(V57, W57, X57) -> 1 | G57: =SUM(Y57, AA57, AB57) -> 0 | H57: =IF(B57>0,1,0) -> 1 | I57: =IF( B57/C57 > 0.2, 1, IF(E57>0, 1, 0) ) -> 1 | J57: =IF( B57/C57 > 0.4, 1, IF( E57=2, 1, IF(AND(E57>0, OR(F57>0, G57>0)), 1, 0 ) )) -> 1 | K57: =IF(B57/C57 > 0.5, 1, IF( E57=2, 1, IF(AND(E57>0, OR(F57>1, G57>0)), 1, 0 ) )) -> 0 | L57: =IF(B57/C57 > 0.6, 1, IF( AND(E57=2, OR(F57>0, G57>0)), 1, 0 ) ) -> 0 | M57: =IF(B57/C57 > 0.7, 1, IF( AND(E57=2, SUM(F57, G57)>1), 1, 0 ) ) -> 0 | N57: =IF(B57/C57 > 0.8, 1, IF( AND(E57=2, SUM(F57, G57)>3), 1, 0 ) ) -> 0 | O57: =IF(B57/C57 > 0.9, 1, 0) -> 0 | P57: =ROUNDDOWN(B57/C57,0) -> 0 | U57: 0 | V57: 0 | W57: 1 | X57: 0 | Y57: 0 | Z57: 1 | AA57: 0 | AB57: 0
B58: =(SUM(U58:AB58)) -> 5 | C58: =(COUNT(U58:AB58)) -> 8 | D58: =ROUNDUP( MAX( IF(P58,100, IF(O58,80, IF(N58,70, IF(M58,60, IF(L58,55, IF(K58,50, IF(J58,45, IF(I58,35, IF(H58,25, 0))))))))), 100 * B58/C58 ) * 10 / 100,0) -> 7 | E58: =SUM(U58, Z58) -> 2 | F58: =SUM(V58, W58, X58) -> 2 | G58: =SUM(Y58, AA58, AB58) -> 1 | H58: =IF(B58>0,1,0) -> 1 | I58: =IF( B58/C58 > 0.2, 1, IF(E58>0, 1, 0) ) -> 1 | J58: =IF( B58/C58 > 0.4, 1, IF( E58=2, 1, IF(AND(E58>0, OR(F58>0, G58>0)), 1, 0 ) )) -> 1 | K58: =IF(B58/C58 > 0.5, 1, IF( E58=2, 1, IF(AND(E58>0, OR(F58>1, G58>0)), 1, 0 ) )) -> 1 | L58: =IF(B58/C58 > 0.6, 1, IF( AND(E58=2, OR(F58>0, G58>0)), 1, 0 ) ) -> 1 | M58: =IF(B58/C58 > 0.7, 1, IF( AND(E58=2, SUM(F58, G58)>1), 1, 0 ) ) -> 1 | N58: =IF(B58/C58 > 0.8, 1, IF( AND(E58=2, SUM(F58, G58)>3), 1, 0 ) ) -> 0 | O58: =IF(B58/C58 > 0.9, 1, 0) -> 0 | P58: =ROUNDDOWN(B58/C58,0) -> 0 | U58: 1 | V58: 1 | W58: 1 | X58: 0 | Y58: 1 | Z58: 1 | AA58: 0 | AB58: 0
B59: =(SUM(U59:AB59)) -> 3 | C59: =(COUNT(U59:AB59)) -> 8 | D59: =ROUNDUP( MAX( IF(P59,100, IF(O59,80, IF(N59,70, IF(M59,60, IF(L59,55, IF(K59,50, IF(J59,45, IF(I59,35, IF(H59,25, 0))))))))), 100 * B59/C59 ) * 10 / 100,0) -> 5 | E59: =SUM(U59, Z59) -> 1 | F59: =SUM(V59, W59, X59) -> 2 | G59: =SUM(Y59, AA59, AB59) -> 0 | H59: =IF(B59>0,1,0) -> 1 | I59: =IF( B59/C59 > 0.2, 1, IF(E59>0, 1, 0) ) -> 1 | J59: =IF( B59/C59 > 0.4, 1, IF( E59=2, 1, IF(AND(E59>0, OR(F59>0, G59>0)), 1, 0 ) )) -> 1 | K59: =IF(B59/C59 > 0.5, 1, IF( E59=2, 1, IF(AND(E59>0, OR(F59>1, G59>0)), 1, 0 ) )) -> 1 | L59: =IF(B59/C59 > 0.6, 1, IF( AND(E59=2, OR(F59>0, G59>0)), 1, 0 ) ) -> 0 | M59: =IF(B59/C59 > 0.7, 1, IF( AND(E59=2, SUM(F59, G59)>1), 1, 0 ) ) -> 0 | N59: =IF(B59/C59 > 0.8, 1, IF( AND(E59=2, SUM(F59, G59)>3), 1, 0 ) ) -> 0 | O59: =IF(B59/C59 > 0.9, 1, 0) -> 0 | P59: =ROUNDDOWN(B59/C59,0) -> 0 | U59: 0 | V59: 1 | W59: 1 | X59: 0 | Y59: 0 | Z59: 1 | AA59: 0 | AB59: 0
B60: =(SUM(U60:AB60)) -> 4 | C60: =(COUNT(U60:AB60)) -> 8 | D60: =ROUNDUP( MAX( IF(P60,100, IF(O60,80, IF(N60,70, IF(M60,60, IF(L60,55, IF(K60,50, IF(J60,45, IF(I60,35, IF(H60,25, 0))))))))), 100 * B60/C60 ) * 10 / 100,0) -> 5 | E60: =SUM(U60, Z60) -> 1 | F60: =SUM(V60, W60, X60) -> 3 | G60: =SUM(Y60, AA60, AB60) -> 0 | H60: =IF(B60>0,1,0) -> 1 | I60: =IF( B60/C60 > 0.2, 1, IF(E60>0, 1, 0) ) -> 1 | J60: =IF( B60/C60 > 0.4, 1, IF( E60=2, 1, IF(AND(E60>0, OR(F60>0, G60>0)), 1, 0 ) )) -> 1 | K60: =IF(B60/C60 > 0.5, 1, IF( E60=2, 1, IF(AND(E60>0, OR(F60>1, G60>0)), 1, 0 ) )) -> 1 | L60: =IF(B60/C60 > 0.6, 1, IF( AND(E60=2, OR(F60>0, G60>0)), 1, 0 ) ) -> 0 | M60: =IF(B60/C60 > 0.7, 1, IF( AND(E60=2, SUM(F60, G60)>1), 1, 0 ) ) -> 0 | N60: =IF(B60/C60 > 0.8, 1, IF( AND(E60=2, SUM(F60, G60)>3), 1, 0 ) ) -> 0 | O60: =IF(B60/C60 > 0.9, 1, 0) -> 0 | P60: =ROUNDDOWN(B60/C60,0) -> 0 | U60: 0 | V60: 1 | W60: 1 | X60: 1 | Y60: 0 | Z60: 1 | AA60: 0 | AB60: 0
B61: =(SUM(U61:AB61)) -> 2 | C61: =(COUNT(U61:AB61)) -> 8 | D61: =ROUNDUP( MAX( IF(P61,100, IF(O61,80, IF(N61,70, IF(M61,60, IF(L61,55, IF(K61,50, IF(J61,45, IF(I61,35, IF(H61,25, 0))))))))), 100 * B61/C61 ) * 10 / 100,0) -> 5 | E61: =SUM(U61, Z61) -> 1 | F61: =SUM(V61, W61, X61) -> 0 | G61: =SUM(Y61, AA61, AB61) -> 1 | H61: =IF(B61>0,1,0) -> 1 | I61: =IF( B61/C61 > 0.2, 1, IF(E61>0, 1, 0) ) -> 1 | J61: =IF( B61/C61 > 0.4, 1, IF( E61=2, 1, IF(AND(E61>0, OR(F61>0, G61>0)), 1, 0 ) )) -> 1 | K61: =IF(B61/C61 > 0.5, 1, IF( E61=2, 1, IF(AND(E61>0, OR(F61>1, G61>0)), 1, 0 ) )) -> 1 | L61: =IF(B61/C61 > 0.6, 1, IF( AND(E61=2, OR(F61>0, G61>0)), 1, 0 ) ) -> 0 | M61: =IF(B61/C61 > 0.7, 1, IF( AND(E61=2, SUM(F61, G61)>1), 1, 0 ) ) -> 0 | N61: =IF(B61/C61 > 0.8, 1, IF( AND(E61=2, SUM(F61, G61)>3), 1, 0 ) ) -> 0 | O61: =IF(B61/C61 > 0.9, 1, 0) -> 0 | P61: =ROUNDDOWN(B61/C61,0) -> 0 | U61: 0 | V61: 0 | W61: 0 | X61: 0 | Y61: 0 | Z61: 1 | AA61: 0 | AB61: 1 | AC61: Good point on the complementarity of the two approaches. Other than that, the questions is about the "how". What they are was covered earlier in the text.
B62: =(SUM(U62:AB62)) -> 1 | C62: =(COUNT(U62:AB62)) -> 8 | D62: =ROUNDUP( MAX( IF(P62,100, IF(O62,80, IF(N62,70, IF(M62,60, IF(L62,55, IF(K62,50, IF(J62,45, IF(I62,35, IF(H62,25, 0))))))))), 100 * B62/C62 ) * 10 / 100,0) -> 4 | E62: =SUM(U62, Z62) -> 1 | F62: =SUM(V62, W62, X62) -> 0 | G62: =SUM(Y62, AA62, AB62) -> 0 | H62: =IF(B62>0,1,0) -> 1 | I62: =IF( B62/C62 > 0.2, 1, IF(E62>0, 1, 0) ) -> 1 | J62: =IF( B62/C62 > 0.4, 1, IF( E62=2, 1, IF(AND(E62>0, OR(F62>0, G62>0)), 1, 0 ) )) -> 0 | K62: =IF(B62/C62 > 0.5, 1, IF( E62=2, 1, IF(AND(E62>0, OR(F62>1, G62>0)), 1, 0 ) )) -> 0 | L62: =IF(B62/C62 > 0.6, 1, IF( AND(E62=2, OR(F62>0, G62>0)), 1, 0 ) ) -> 0 | M62: =IF(B62/C62 > 0.7, 1, IF( AND(E62=2, SUM(F62, G62)>1), 1, 0 ) ) -> 0 | N62: =IF(B62/C62 > 0.8, 1, IF( AND(E62=2, SUM(F62, G62)>3), 1, 0 ) ) -> 0 | O62: =IF(B62/C62 > 0.9, 1, 0) -> 0 | P62: =ROUNDDOWN(B62/C62,0) -> 0 | U62: 0 | V62: 0 | W62: 0 | X62: 0 | Y62: 0 | Z62: 1 | AA62: 0 | AB62: 0
B63: =(SUM(U63:AB63)) -> 2 | C63: =(COUNT(U63:AB63)) -> 8 | D63: =ROUNDUP( MAX( IF(P63,100, IF(O63,80, IF(N63,70, IF(M63,60, IF(L63,55, IF(K63,50, IF(J63,45, IF(I63,35, IF(H63,25, 0))))))))), 100 * B63/C63 ) * 10 / 100,0) -> 5 | E63: =SUM(U63, Z63) -> 2 | F63: =SUM(V63, W63, X63) -> 0 | G63: =SUM(Y63, AA63, AB63) -> 0 | H63: =IF(B63>0,1,0) -> 1 | I63: =IF( B63/C63 > 0.2, 1, IF(E63>0, 1, 0) ) -> 1 | J63: =IF( B63/C63 > 0.4, 1, IF( E63=2, 1, IF(AND(E63>0, OR(F63>0, G63>0)), 1, 0 ) )) -> 1 | K63: =IF(B63/C63 > 0.5, 1, IF( E63=2, 1, IF(AND(E63>0, OR(F63>1, G63>0)), 1, 0 ) )) -> 1 | L63: =IF(B63/C63 > 0.6, 1, IF( AND(E63=2, OR(F63>0, G63>0)), 1, 0 ) ) -> 0 | M63: =IF(B63/C63 > 0.7, 1, IF( AND(E63=2, SUM(F63, G63)>1), 1, 0 ) ) -> 0 | N63: =IF(B63/C63 > 0.8, 1, IF( AND(E63=2, SUM(F63, G63)>3), 1, 0 ) ) -> 0 | O63: =IF(B63/C63 > 0.9, 1, 0) -> 0 | P63: =ROUNDDOWN(B63/C63,0) -> 0 | U63: 1 | V63: 0 | W63: 0 | X63: 0 | Y63: 0 | Z63: 1 | AA63: 0 | AB63: 0
B64: =(SUM(U64:AB64)) -> 4 | C64: =(COUNT(U64:AB64)) -> 8 | D64: =ROUNDUP( MAX( IF(P64,100, IF(O64,80, IF(N64,70, IF(M64,60, IF(L64,55, IF(K64,50, IF(J64,45, IF(I64,35, IF(H64,25, 0))))))))), 100 * B64/C64 ) * 10 / 100,0) -> 6 | E64: =SUM(U64, Z64) -> 2 | F64: =SUM(V64, W64, X64) -> 1 | G64: =SUM(Y64, AA64, AB64) -> 1 | H64: =IF(B64>0,1,0) -> 1 | I64: =IF( B64/C64 > 0.2, 1, IF(E64>0, 1, 0) ) -> 1 | J64: =IF( B64/C64 > 0.4, 1, IF( E64=2, 1, IF(AND(E64>0, OR(F64>0, G64>0)), 1, 0 ) )) -> 1 | K64: =IF(B64/C64 > 0.5, 1, IF( E64=2, 1, IF(AND(E64>0, OR(F64>1, G64>0)), 1, 0 ) )) -> 1 | L64: =IF(B64/C64 > 0.6, 1, IF( AND(E64=2, OR(F64>0, G64>0)), 1, 0 ) ) -> 1 | M64: =IF(B64/C64 > 0.7, 1, IF( AND(E64=2, SUM(F64, G64)>1), 1, 0 ) ) -> 1 | N64: =IF(B64/C64 > 0.8, 1, IF( AND(E64=2, SUM(F64, G64)>3), 1, 0 ) ) -> 0 | O64: =IF(B64/C64 > 0.9, 1, 0) -> 0 | P64: =ROUNDDOWN(B64/C64,0) -> 0 | U64: 1 | V64: 0 | W64: 1 | X64: 0 | Y64: 1 | Z64: 1 | AA64: 0 | AB64: 0
B65: =(SUM(U65:AB65)) -> 3 | C65: =(COUNT(U65:AB65)) -> 8 | D65: =ROUNDUP( MAX( IF(P65,100, IF(O65,80, IF(N65,70, IF(M65,60, IF(L65,55, IF(K65,50, IF(J65,45, IF(I65,35, IF(H65,25, 0))))))))), 100 * B65/C65 ) * 10 / 100,0) -> 5 | E65: =SUM(U65, Z65) -> 1 | F65: =SUM(V65, W65, X65) -> 2 | G65: =SUM(Y65, AA65, AB65) -> 0 | H65: =IF(B65>0,1,0) -> 1 | I65: =IF( B65/C65 > 0.2, 1, IF(E65>0, 1, 0) ) -> 1 | J65: =IF( B65/C65 > 0.4, 1, IF( E65=2, 1, IF(AND(E65>0, OR(F65>0, G65>0)), 1, 0 ) )) -> 1 | K65: =IF(B65/C65 > 0.5, 1, IF( E65=2, 1, IF(AND(E65>0, OR(F65>1, G65>0)), 1, 0 ) )) -> 1 | L65: =IF(B65/C65 > 0.6, 1, IF( AND(E65=2, OR(F65>0, G65>0)), 1, 0 ) ) -> 0 | M65: =IF(B65/C65 > 0.7, 1, IF( AND(E65=2, SUM(F65, G65)>1), 1, 0 ) ) -> 0 | N65: =IF(B65/C65 > 0.8, 1, IF( AND(E65=2, SUM(F65, G65)>3), 1, 0 ) ) -> 0 | O65: =IF(B65/C65 > 0.9, 1, 0) -> 0 | P65: =ROUNDDOWN(B65/C65,0) -> 0 | U65: 0 | V65: 1 | W65: 0 | X65: 1 | Y65: 0 | Z65: 1 | AA65: 0 | AB65: 0
B66: =(SUM(U66:AB66)) -> 2 | C66: =(COUNT(U66:AB66)) -> 8 | D66: =ROUNDUP( MAX( IF(P66,100, IF(O66,80, IF(N66,70, IF(M66,60, IF(L66,55, IF(K66,50, IF(J66,45, IF(I66,35, IF(H66,25, 0))))))))), 100 * B66/C66 ) * 10 / 100,0) -> 5 | E66: =SUM(U66, Z66) -> 2 | F66: =SUM(V66, W66, X66) -> 0 | G66: =SUM(Y66, AA66, AB66) -> 0 | H66: =IF(B66>0,1,0) -> 1 | I66: =IF( B66/C66 > 0.2, 1, IF(E66>0, 1, 0) ) -> 1 | J66: =IF( B66/C66 > 0.4, 1, IF( E66=2, 1, IF(AND(E66>0, OR(F66>0, G66>0)), 1, 0 ) )) -> 1 | K66: =IF(B66/C66 > 0.5, 1, IF( E66=2, 1, IF(AND(E66>0, OR(F66>1, G66>0)), 1, 0 ) )) -> 1 | L66: =IF(B66/C66 > 0.6, 1, IF( AND(E66=2, OR(F66>0, G66>0)), 1, 0 ) ) -> 0 | M66: =IF(B66/C66 > 0.7, 1, IF( AND(E66=2, SUM(F66, G66)>1), 1, 0 ) ) -> 0 | N66: =IF(B66/C66 > 0.8, 1, IF( AND(E66=2, SUM(F66, G66)>3), 1, 0 ) ) -> 0 | O66: =IF(B66/C66 > 0.9, 1, 0) -> 0 | P66: =ROUNDDOWN(B66/C66,0) -> 0 | U66: 1 | V66: 0 | W66: 0 | X66: 0 | Y66: 0 | Z66: 1 | AA66: 0 | AB66: 0
B67: =(SUM(U67:AB67)) -> 5 | C67: =(COUNT(U67:AB67)) -> 8 | D67: =ROUNDUP( MAX( IF(P67,100, IF(O67,80, IF(N67,70, IF(M67,60, IF(L67,55, IF(K67,50, IF(J67,45, IF(I67,35, IF(H67,25, 0))))))))), 100 * B67/C67 ) * 10 / 100,0) -> 7 | E67: =SUM(U67, Z67) -> 2 | F67: =SUM(V67, W67, X67) -> 2 | G67: =SUM(Y67, AA67, AB67) -> 1 | H67: =IF(B67>0,1,0) -> 1 | I67: =IF( B67/C67 > 0.2, 1, IF(E67>0, 1, 0) ) -> 1 | J67: =IF( B67/C67 > 0.4, 1, IF( E67=2, 1, IF(AND(E67>0, OR(F67>0, G67>0)), 1, 0 ) )) -> 1 | K67: =IF(B67/C67 > 0.5, 1, IF( E67=2, 1, IF(AND(E67>0, OR(F67>1, G67>0)), 1, 0 ) )) -> 1 | L67: =IF(B67/C67 > 0.6, 1, IF( AND(E67=2, OR(F67>0, G67>0)), 1, 0 ) ) -> 1 | M67: =IF(B67/C67 > 0.7, 1, IF( AND(E67=2, SUM(F67, G67)>1), 1, 0 ) ) -> 1 | N67: =IF(B67/C67 > 0.8, 1, IF( AND(E67=2, SUM(F67, G67)>3), 1, 0 ) ) -> 0 | O67: =IF(B67/C67 > 0.9, 1, 0) -> 0 | P67: =ROUNDDOWN(B67/C67,0) -> 0 | U67: 1 | V67: 1 | W67: 1 | X67: 0 | Y67: 1 | Z67: 1 | AA67: 0 | AB67: 0
B68: =(SUM(U68:AB68)) -> 3 | C68: =(COUNT(U68:AB68)) -> 8 | D68: =ROUNDUP( MAX( IF(P68,100, IF(O68,80, IF(N68,70, IF(M68,60, IF(L68,55, IF(K68,50, IF(J68,45, IF(I68,35, IF(H68,25, 0))))))))), 100 * B68/C68 ) * 10 / 100,0) -> 6 | E68: =SUM(U68, Z68) -> 2 | F68: =SUM(V68, W68, X68) -> 0 | G68: =SUM(Y68, AA68, AB68) -> 1 | H68: =IF(B68>0,1,0) -> 1 | I68: =IF( B68/C68 > 0.2, 1, IF(E68>0, 1, 0) ) -> 1 | J68: =IF( B68/C68 > 0.4, 1, IF( E68=2, 1, IF(AND(E68>0, OR(F68>0, G68>0)), 1, 0 ) )) -> 1 | K68: =IF(B68/C68 > 0.5, 1, IF( E68=2, 1, IF(AND(E68>0, OR(F68>1, G68>0)), 1, 0 ) )) -> 1 | L68: =IF(B68/C68 > 0.6, 1, IF( AND(E68=2, OR(F68>0, G68>0)), 1, 0 ) ) -> 1 | M68: =IF(B68/C68 > 0.7, 1, IF( AND(E68=2, SUM(F68, G68)>1), 1, 0 ) ) -> 0 | N68: =IF(B68/C68 > 0.8, 1, IF( AND(E68=2, SUM(F68, G68)>3), 1, 0 ) ) -> 0 | O68: =IF(B68/C68 > 0.9, 1, 0) -> 0 | P68: =ROUNDDOWN(B68/C68,0) -> 0 | U68: 1 | V68: 0 | W68: 0 | X68: 0 | Y68: 1 | Z68: 1 | AA68: 0 | AB68: 0
B69: =(SUM(U69:AB69)) -> 3 | C69: =(COUNT(U69:AB69)) -> 8 | D69: =ROUNDUP( MAX( IF(P69,100, IF(O69,80, IF(N69,70, IF(M69,60, IF(L69,55, IF(K69,50, IF(J69,45, IF(I69,35, IF(H69,25, 0))))))))), 100 * B69/C69 ) * 10 / 100,0) -> 6 | E69: =SUM(U69, Z69) -> 2 | F69: =SUM(V69, W69, X69) -> 0 | G69: =SUM(Y69, AA69, AB69) -> 1 | H69: =IF(B69>0,1,0) -> 1 | I69: =IF( B69/C69 > 0.2, 1, IF(E69>0, 1, 0) ) -> 1 | J69: =IF( B69/C69 > 0.4, 1, IF( E69=2, 1, IF(AND(E69>0, OR(F69>0, G69>0)), 1, 0 ) )) -> 1 | K69: =IF(B69/C69 > 0.5, 1, IF( E69=2, 1, IF(AND(E69>0, OR(F69>1, G69>0)), 1, 0 ) )) -> 1 | L69: =IF(B69/C69 > 0.6, 1, IF( AND(E69=2, OR(F69>0, G69>0)), 1, 0 ) ) -> 1 | M69: =IF(B69/C69 > 0.7, 1, IF( AND(E69=2, SUM(F69, G69)>1), 1, 0 ) ) -> 0 | N69: =IF(B69/C69 > 0.8, 1, IF( AND(E69=2, SUM(F69, G69)>3), 1, 0 ) ) -> 0 | O69: =IF(B69/C69 > 0.9, 1, 0) -> 0 | P69: =ROUNDDOWN(B69/C69,0) -> 0 | U69: 1 | V69: 0 | W69: 0 | X69: 0 | Y69: 1 | Z69: 1 | AA69: 0 | AB69: 0
B70: =(SUM(U70:AB70)) -> 3 | C70: =(COUNT(U70:AB70)) -> 8 | D70: =ROUNDUP( MAX( IF(P70,100, IF(O70,80, IF(N70,70, IF(M70,60, IF(L70,55, IF(K70,50, IF(J70,45, IF(I70,35, IF(H70,25, 0))))))))), 100 * B70/C70 ) * 10 / 100,0) -> 6 | E70: =SUM(U70, Z70) -> 2 | F70: =SUM(V70, W70, X70) -> 1 | G70: =SUM(Y70, AA70, AB70) -> 0 | H70: =IF(B70>0,1,0) -> 1 | I70: =IF( B70/C70 > 0.2, 1, IF(E70>0, 1, 0) ) -> 1 | J70: =IF( B70/C70 > 0.4, 1, IF( E70=2, 1, IF(AND(E70>0, OR(F70>0, G70>0)), 1, 0 ) )) -> 1 | K70: =IF(B70/C70 > 0.5, 1, IF( E70=2, 1, IF(AND(E70>0, OR(F70>1, G70>0)), 1, 0 ) )) -> 1 | L70: =IF(B70/C70 > 0.6, 1, IF( AND(E70=2, OR(F70>0, G70>0)), 1, 0 ) ) -> 1 | M70: =IF(B70/C70 > 0.7, 1, IF( AND(E70=2, SUM(F70, G70)>1), 1, 0 ) ) -> 0 | N70: =IF(B70/C70 > 0.8, 1, IF( AND(E70=2, SUM(F70, G70)>3), 1, 0 ) ) -> 0 | O70: =IF(B70/C70 > 0.9, 1, 0) -> 0 | P70: =ROUNDDOWN(B70/C70,0) -> 0 | U70: 1 | V70: 1 | W70: 0 | X70: 0 | Y70: 0 | Z70: 1 | AA70: 0 | AB70: 0
B71: =(SUM(U71:AB71)) -> 6 | C71: =(COUNT(U71:AB71)) -> 8 | D71: =ROUNDUP( MAX( IF(P71,100, IF(O71,80, IF(N71,70, IF(M71,60, IF(L71,55, IF(K71,50, IF(J71,45, IF(I71,35, IF(H71,25, 0))))))))), 100 * B71/C71 ) * 10 / 100,0) -> 8 | E71: =SUM(U71, Z71) -> 2 | F71: =SUM(V71, W71, X71) -> 2 | G71: =SUM(Y71, AA71, AB71) -> 2 | H71: =IF(B71>0,1,0) -> 1 | I71: =IF( B71/C71 > 0.2, 1, IF(E71>0, 1, 0) ) -> 1 | J71: =IF( B71/C71 > 0.4, 1, IF( E71=2, 1, IF(AND(E71>0, OR(F71>0, G71>0)), 1, 0 ) )) -> 1 | K71: =IF(B71/C71 > 0.5, 1, IF( E71=2, 1, IF(AND(E71>0, OR(F71>1, G71>0)), 1, 0 ) )) -> 1 | L71: =IF(B71/C71 > 0.6, 1, IF( AND(E71=2, OR(F71>0, G71>0)), 1, 0 ) ) -> 1 | M71: =IF(B71/C71 > 0.7, 1, IF( AND(E71=2, SUM(F71, G71)>1), 1, 0 ) ) -> 1 | N71: =IF(B71/C71 > 0.8, 1, IF( AND(E71=2, SUM(F71, G71)>3), 1, 0 ) ) -> 1 | O71: =IF(B71/C71 > 0.9, 1, 0) -> 0 | P71: =ROUNDDOWN(B71/C71,0) -> 0 | U71: 1 | V71: 1 | W71: 1 | X71: 0 | Y71: 1 | Z71: 1 | AA71: 1 | AB71: 0
B72: =(SUM(U72:AB72)) -> 5 | C72: =(COUNT(U72:AB72)) -> 8 | D72: =ROUNDUP( MAX( IF(P72,100, IF(O72,80, IF(N72,70, IF(M72,60, IF(L72,55, IF(K72,50, IF(J72,45, IF(I72,35, IF(H72,25, 0))))))))), 100 * B72/C72 ) * 10 / 100,0) -> 7 | E72: =SUM(U72, Z72) -> 2 | F72: =SUM(V72, W72, X72) -> 2 | G72: =SUM(Y72, AA72, AB72) -> 1 | H72: =IF(B72>0,1,0) -> 1 | I72: =IF( B72/C72 > 0.2, 1, IF(E72>0, 1, 0) ) -> 1 | J72: =IF( B72/C72 > 0.4, 1, IF( E72=2, 1, IF(AND(E72>0, OR(F72>0, G72>0)), 1, 0 ) )) -> 1 | K72: =IF(B72/C72 > 0.5, 1, IF( E72=2, 1, IF(AND(E72>0, OR(F72>1, G72>0)), 1, 0 ) )) -> 1 | L72: =IF(B72/C72 > 0.6, 1, IF( AND(E72=2, OR(F72>0, G72>0)), 1, 0 ) ) -> 1 | M72: =IF(B72/C72 > 0.7, 1, IF( AND(E72=2, SUM(F72, G72)>1), 1, 0 ) ) -> 1 | N72: =IF(B72/C72 > 0.8, 1, IF( AND(E72=2, SUM(F72, G72)>3), 1, 0 ) ) -> 0 | O72: =IF(B72/C72 > 0.9, 1, 0) -> 0 | P72: =ROUNDDOWN(B72/C72,0) -> 0 | U72: 1 | V72: 1 | W72: 1 | X72: 0 | Y72: 1 | Z72: 1 | AA72: 0 | AB72: 0
B73: =(SUM(U73:AB73)) -> 4 | C73: =(COUNT(U73:AB73)) -> 8 | D73: =ROUNDUP( MAX( IF(P73,100, IF(O73,80, IF(N73,70, IF(M73,60, IF(L73,55, IF(K73,50, IF(J73,45, IF(I73,35, IF(H73,25, 0))))))))), 100 * B73/C73 ) * 10 / 100,0) -> 6 | E73: =SUM(U73, Z73) -> 2 | F73: =SUM(V73, W73, X73) -> 2 | G73: =SUM(Y73, AA73, AB73) -> 0 | H73: =IF(B73>0,1,0) -> 1 | I73: =IF( B73/C73 > 0.2, 1, IF(E73>0, 1, 0) ) -> 1 | J73: =IF( B73/C73 > 0.4, 1, IF( E73=2, 1, IF(AND(E73>0, OR(F73>0, G73>0)), 1, 0 ) )) -> 1 | K73: =IF(B73/C73 > 0.5, 1, IF( E73=2, 1, IF(AND(E73>0, OR(F73>1, G73>0)), 1, 0 ) )) -> 1 | L73: =IF(B73/C73 > 0.6, 1, IF( AND(E73=2, OR(F73>0, G73>0)), 1, 0 ) ) -> 1 | M73: =IF(B73/C73 > 0.7, 1, IF( AND(E73=2, SUM(F73, G73)>1), 1, 0 ) ) -> 1 | N73: =IF(B73/C73 > 0.8, 1, IF( AND(E73=2, SUM(F73, G73)>3), 1, 0 ) ) -> 0 | O73: =IF(B73/C73 > 0.9, 1, 0) -> 0 | P73: =ROUNDDOWN(B73/C73,0) -> 0 | U73: 1 | V73: 0 | W73: 1 | X73: 1 | Y73: 0 | Z73: 1 | AA73: 0 | AB73: 0
... B79: =(SUM(U79:AB79)) -> 4 | C79: =(COUNT(U79:AB79)) -> 8 | D79: =ROUNDUP( MAX( IF(P79,100, IF(O79,80, IF(N79,70, IF(M79,60, IF(L79,55, IF(K79,50, IF(J79,45, IF(I79,35, IF(H79,25, 0))))))))), 100 * B79/C79 ) * 10 / 100,0) -> 6 | E79: =SUM(U79, Z79) -> 2 | F79: =SUM(V79, W79, X79) -> 2 | G79: =SUM(Y79, AA79, AB79) -> 0 | H79: =IF(B79>0,1,0) -> 1 | I79: =IF( B79/C79 > 0.2, 1, IF(E79>0, 1, 0) ) -> 1 | J79: =IF( B79/C79 > 0.4, 1, IF( E79=2, 1, IF(AND(E79>0, OR(F79>0, G79>0)), 1, 0 ) )) -> 1 | K79: =IF(B79/C79 > 0.5, 1, IF( E79=2, 1, IF(AND(E79>0, OR(F79>1, G79>0)), 1, 0 ) )) -> 1 | L79: =IF(B79/C79 > 0.6, 1, IF( AND(E79=2, OR(F79>0, G79>0)), 1, 0 ) ) -> 1 | M79: =IF(B79/C79 > 0.7, 1, IF( AND(E79=2, SUM(F79, G79)>1), 1, 0 ) ) -> 1 | N79: =IF(B79/C79 > 0.8, 1, IF( AND(E79=2, SUM(F79, G79)>3), 1, 0 ) ) -> 0 | O79: =IF(B79/C79 > 0.9, 1, 0) -> 0 | P79: =ROUNDDOWN(B79/C79,0) -> 0 | U79: 1 | V79: 0 | W79: 1 | X79: 1 | Y79: 0 | Z79: 1 | AA79: 0 | AB79: 0
B80: =(SUM(U80:AB80)) -> 0 | C80: =(COUNT(U80:AB80)) -> 8 | D80: =ROUNDUP( MAX( IF(P80,100, IF(O80,80, IF(N80,70, IF(M80,60, IF(L80,55, IF(K80,50, IF(J80,45, IF(I80,35, IF(H80,25, 0))))))))), 100 * B80/C80 ) * 10 / 100,0) -> 0 | E80: =SUM(U80, Z80) -> 0 | F80: =SUM(V80, W80, X80) -> 0 | G80: =SUM(Y80, AA80, AB80) -> 0 | H80: =IF(B80>0,1,0) -> 0 | I80: =IF( B80/C80 > 0.2, 1, IF(E80>0, 1, 0) ) -> 0 | J80: =IF( B80/C80 > 0.4, 1, IF( E80=2, 1, IF(AND(E80>0, OR(F80>0, G80>0)), 1, 0 ) )) -> 0 | K80: =IF(B80/C80 > 0.5, 1, IF( E80=2, 1, IF(AND(E80>0, OR(F80>1, G80>0)), 1, 0 ) )) -> 0 | L80: =IF(B80/C80 > 0.6, 1, IF( AND(E80=2, OR(F80>0, G80>0)), 1, 0 ) ) -> 0 | M80: =IF(B80/C80 > 0.7, 1, IF( AND(E80=2, SUM(F80, G80)>1), 1, 0 ) ) -> 0 | N80: =IF(B80/C80 > 0.8, 1, IF( AND(E80=2, SUM(F80, G80)>3), 1, 0 ) ) -> 0 | O80: =IF(B80/C80 > 0.9, 1, 0) -> 0 | P80: =ROUNDDOWN(B80/C80,0) -> 0 | U80: 0 | V80: 0 | W80: 0 | X80: 0 | Y80: 0 | Z80: 0 | AA80: 0 | AB80: 0 | AC80: The answer is not relevant to L1 and L2.
B81: =(SUM(U81:AB81)) -> 5 | C81: =(COUNT(U81:AB81)) -> 8 | D81: =ROUNDUP( MAX( IF(P81,100, IF(O81,80, IF(N81,70, IF(M81,60, IF(L81,55, IF(K81,50, IF(J81,45, IF(I81,35, IF(H81,25, 0))))))))), 100 * B81/C81 ) * 10 / 100,0) -> 7 | E81: =SUM(U81, Z81) -> 2 | F81: =SUM(V81, W81, X81) -> 2 | G81: =SUM(Y81, AA81, AB81) -> 1 | H81: =IF(B81>0,1,0) -> 1 | I81: =IF( B81/C81 > 0.2, 1, IF(E81>0, 1, 0) ) -> 1 | J81: =IF( B81/C81 > 0.4, 1, IF( E81=2, 1, IF(AND(E81>0, OR(F81>0, G81>0)), 1, 0 ) )) -> 1 | K81: =IF(B81/C81 > 0.5, 1, IF( E81=2, 1, IF(AND(E81>0, OR(F81>1, G81>0)), 1, 0 ) )) -> 1 | L81: =IF(B81/C81 > 0.6, 1, IF( AND(E81=2, OR(F81>0, G81>0)), 1, 0 ) ) -> 1 | M81: =IF(B81/C81 > 0.7, 1, IF( AND(E81=2, SUM(F81, G81)>1), 1, 0 ) ) -> 1 | N81: =IF(B81/C81 > 0.8, 1, IF( AND(E81=2, SUM(F81, G81)>3), 1, 0 ) ) -> 0 | O81: =IF(B81/C81 > 0.9, 1, 0) -> 0 | P81: =ROUNDDOWN(B81/C81,0) -> 0 | U81: 1 | V81: 1 | W81: 1 | X81: 0 | Y81: 1 | Z81: 1 | AA81: 0 | AB81: 0
B82: =(SUM(U82:AB82)) -> 2 | C82: =(COUNT(U82:AB82)) -> 8 | D82: =ROUNDUP( MAX( IF(P82,100, IF(O82,80, IF(N82,70, IF(M82,60, IF(L82,55, IF(K82,50, IF(J82,45, IF(I82,35, IF(H82,25, 0))))))))), 100 * B82/C82 ) * 10 / 100,0) -> 5 | E82: =SUM(U82, Z82) -> 2 | F82: =SUM(V82, W82, X82) -> 0 | G82: =SUM(Y82, AA82, AB82) -> 0 | H82: =IF(B82>0,1,0) -> 1 | I82: =IF( B82/C82 > 0.2, 1, IF(E82>0, 1, 0) ) -> 1 | J82: =IF( B82/C82 > 0.4, 1, IF( E82=2, 1, IF(AND(E82>0, OR(F82>0, G82>0)), 1, 0 ) )) -> 1 | K82: =IF(B82/C82 > 0.5, 1, IF( E82=2, 1, IF(AND(E82>0, OR(F82>1, G82>0)), 1, 0 ) )) -> 1 | L82: =IF(B82/C82 > 0.6, 1, IF( AND(E82=2, OR(F82>0, G82>0)), 1, 0 ) ) -> 0 | M82: =IF(B82/C82 > 0.7, 1, IF( AND(E82=2, SUM(F82, G82)>1), 1, 0 ) ) -> 0 | N82: =IF(B82/C82 > 0.8, 1, IF( AND(E82=2, SUM(F82, G82)>3), 1, 0 ) ) -> 0 | O82: =IF(B82/C82 > 0.9, 1, 0) -> 0 | P82: =ROUNDDOWN(B82/C82,0) -> 0 | U82: 1 | V82: 0 | W82: 0 | X82: 0 | Y82: 0 | Z82: 1 | AA82: 0 | AB82: 0
B83: =(SUM(U83:AB83)) -> 2 | C83: =(COUNT(U83:AB83)) -> 8 | D83: =ROUNDUP( MAX( IF(P83,100, IF(O83,80, IF(N83,70, IF(M83,60, IF(L83,55, IF(K83,50, IF(J83,45, IF(I83,35, IF(H83,25, 0))))))))), 100 * B83/C83 ) * 10 / 100,0) -> 5 | E83: =SUM(U83, Z83) -> 2 | F83: =SUM(V83, W83, X83) -> 0 | G83: =SUM(Y83, AA83, AB83) -> 0 | H83: =IF(B83>0,1,0) -> 1 | I83: =IF( B83/C83 > 0.2, 1, IF(E83>0, 1, 0) ) -> 1 | J83: =IF( B83/C83 > 0.4, 1, IF( E83=2, 1, IF(AND(E83>0, OR(F83>0, G83>0)), 1, 0 ) )) -> 1 | K83: =IF(B83/C83 > 0.5, 1, IF( E83=2, 1, IF(AND(E83>0, OR(F83>1, G83>0)), 1, 0 ) )) -> 1 | L83: =IF(B83/C83 > 0.6, 1, IF( AND(E83=2, OR(F83>0, G83>0)), 1, 0 ) ) -> 0 | M83: =IF(B83/C83 > 0.7, 1, IF( AND(E83=2, SUM(F83, G83)>1), 1, 0 ) ) -> 0 | N83: =IF(B83/C83 > 0.8, 1, IF( AND(E83=2, SUM(F83, G83)>3), 1, 0 ) ) -> 0 | O83: =IF(B83/C83 > 0.9, 1, 0) -> 0 | P83: =ROUNDDOWN(B83/C83,0) -> 0 | U83: 1 | V83: 0 | W83: 0 | X83: 0 | Y83: 0 | Z83: 1 | AA83: 0 | AB83: 0
B84: =(SUM(U84:AB84)) -> 4 | C84: =(COUNT(U84:AB84)) -> 8 | D84: =ROUNDUP( MAX( IF(P84,100, IF(O84,80, IF(N84,70, IF(M84,60, IF(L84,55, IF(K84,50, IF(J84,45, IF(I84,35, IF(H84,25, 0))))))))), 100 * B84/C84 ) * 10 / 100,0) -> 6 | E84: =SUM(U84, Z84) -> 2 | F84: =SUM(V84, W84, X84) -> 2 | G84: =SUM(Y84, AA84, AB84) -> 0 | H84: =IF(B84>0,1,0) -> 1 | I84: =IF( B84/C84 > 0.2, 1, IF(E84>0, 1, 0) ) -> 1 | J84: =IF( B84/C84 > 0.4, 1, IF( E84=2, 1, IF(AND(E84>0, OR(F84>0, G84>0)), 1, 0 ) )) -> 1 | K84: =IF(B84/C84 > 0.5, 1, IF( E84=2, 1, IF(AND(E84>0, OR(F84>1, G84>0)), 1, 0 ) )) -> 1 | L84: =IF(B84/C84 > 0.6, 1, IF( AND(E84=2, OR(F84>0, G84>0)), 1, 0 ) ) -> 1 | M84: =IF(B84/C84 > 0.7, 1, IF( AND(E84=2, SUM(F84, G84)>1), 1, 0 ) ) -> 1 | N84: =IF(B84/C84 > 0.8, 1, IF( AND(E84=2, SUM(F84, G84)>3), 1, 0 ) ) -> 0 | O84: =IF(B84/C84 > 0.9, 1, 0) -> 0 | P84: =ROUNDDOWN(B84/C84,0) -> 0 | U84: 1 | V84: 0 | W84: 1 | X84: 1 | Y84: 0 | Z84: 1 | AA84: 0 | AB84: 0
B85: =(SUM(U85:AB85)) -> 2 | C85: =(COUNT(U85:AB85)) -> 8 | D85: =ROUNDUP( MAX( IF(P85,100, IF(O85,80, IF(N85,70, IF(M85,60, IF(L85,55, IF(K85,50, IF(J85,45, IF(I85,35, IF(H85,25, 0))))))))), 100 * B85/C85 ) * 10 / 100,0) -> 5 | E85: =SUM(U85, Z85) -> 2 | F85: =SUM(V85, W85, X85) -> 0 | G85: =SUM(Y85, AA85, AB85) -> 0 | H85: =IF(B85>0,1,0) -> 1 | I85: =IF( B85/C85 > 0.2, 1, IF(E85>0, 1, 0) ) -> 1 | J85: =IF( B85/C85 > 0.4, 1, IF( E85=2, 1, IF(AND(E85>0, OR(F85>0, G85>0)), 1, 0 ) )) -> 1 | K85: =IF(B85/C85 > 0.5, 1, IF( E85=2, 1, IF(AND(E85>0, OR(F85>1, G85>0)), 1, 0 ) )) -> 1 | L85: =IF(B85/C85 > 0.6, 1, IF( AND(E85=2, OR(F85>0, G85>0)), 1, 0 ) ) -> 0 | M85: =IF(B85/C85 > 0.7, 1, IF( AND(E85=2, SUM(F85, G85)>1), 1, 0 ) ) -> 0 | N85: =IF(B85/C85 > 0.8, 1, IF( AND(E85=2, SUM(F85, G85)>3), 1, 0 ) ) -> 0 | O85: =IF(B85/C85 > 0.9, 1, 0) -> 0 | P85: =ROUNDDOWN(B85/C85,0) -> 0 | U85: 1 | V85: 0 | W85: 0 | X85: 0 | Y85: 0 | Z85: 1 | AA85: 0 | AB85: 0
B86: =(SUM(U86:AB86)) -> 2 | C86: =(COUNT(U86:AB86)) -> 8 | D86: =ROUNDUP( MAX( IF(P86,100, IF(O86,80, IF(N86,70, IF(M86,60, IF(L86,55, IF(K86,50, IF(J86,45, IF(I86,35, IF(H86,25, 0))))))))), 100 * B86/C86 ) * 10 / 100,0) -> 5 | E86: =SUM(U86, Z86) -> 2 | F86: =SUM(V86, W86, X86) -> 0 | G86: =SUM(Y86, AA86, AB86) -> 0 | H86: =IF(B86>0,1,0) -> 1 | I86: =IF( B86/C86 > 0.2, 1, IF(E86>0, 1, 0) ) -> 1 | J86: =IF( B86/C86 > 0.4, 1, IF( E86=2, 1, IF(AND(E86>0, OR(F86>0, G86>0)), 1, 0 ) )) -> 1 | K86: =IF(B86/C86 > 0.5, 1, IF( E86=2, 1, IF(AND(E86>0, OR(F86>1, G86>0)), 1, 0 ) )) -> 1 | L86: =IF(B86/C86 > 0.6, 1, IF( AND(E86=2, OR(F86>0, G86>0)), 1, 0 ) ) -> 0 | M86: =IF(B86/C86 > 0.7, 1, IF( AND(E86=2, SUM(F86, G86)>1), 1, 0 ) ) -> 0 | N86: =IF(B86/C86 > 0.8, 1, IF( AND(E86=2, SUM(F86, G86)>3), 1, 0 ) ) -> 0 | O86: =IF(B86/C86 > 0.9, 1, 0) -> 0 | P86: =ROUNDDOWN(B86/C86,0) -> 0 | U86: 1 | V86: 0 | W86: 0 | X86: 0 | Y86: 0 | Z86: 1 | AA86: 0 | AB86: 0
B87: =(SUM(U87:AB87)) -> 3 | C87: =(COUNT(U87:AB87)) -> 8 | D87: =ROUNDUP( MAX( IF(P87,100, IF(O87,80, IF(N87,70, IF(M87,60, IF(L87,55, IF(K87,50, IF(J87,45, IF(I87,35, IF(H87,25, 0))))))))), 100 * B87/C87 ) * 10 / 100,0) -> 6 | E87: =SUM(U87, Z87) -> 2 | F87: =SUM(V87, W87, X87) -> 1 | G87: =SUM(Y87, AA87, AB87) -> 0 | H87: =IF(B87>0,1,0) -> 1 | I87: =IF( B87/C87 > 0.2, 1, IF(E87>0, 1, 0) ) -> 1 | J87: =IF( B87/C87 > 0.4, 1, IF( E87=2, 1, IF(AND(E87>0, OR(F87>0, G87>0)), 1, 0 ) )) -> 1 | K87: =IF(B87/C87 > 0.5, 1, IF( E87=2, 1, IF(AND(E87>0, OR(F87>1, G87>0)), 1, 0 ) )) -> 1 | L87: =IF(B87/C87 > 0.6, 1, IF( AND(E87=2, OR(F87>0, G87>0)), 1, 0 ) ) -> 1 | M87: =IF(B87/C87 > 0.7, 1, IF( AND(E87=2, SUM(F87, G87)>1), 1, 0 ) ) -> 0 | N87: =IF(B87/C87 > 0.8, 1, IF( AND(E87=2, SUM(F87, G87)>3), 1, 0 ) ) -> 0 | O87: =IF(B87/C87 > 0.9, 1, 0) -> 0 | P87: =ROUNDDOWN(B87/C87,0) -> 0 | U87: 1 | V87: 0 | W87: 1 | X87: 0 | Y87: 0 | Z87: 1 | AA87: 0 | AB87: 0
B88: =(SUM(U88:AB88)) -> 4 | C88: =(COUNT(U88:AB88)) -> 8 | D88: =ROUNDUP( MAX( IF(P88,100, IF(O88,80, IF(N88,70, IF(M88,60, IF(L88,55, IF(K88,50, IF(J88,45, IF(I88,35, IF(H88,25, 0))))))))), 100 * B88/C88 ) * 10 / 100,0) -> 6 | E88: =SUM(U88, Z88) -> 2 | F88: =SUM(V88, W88, X88) -> 1 | G88: =SUM(Y88, AA88, AB88) -> 1 | H88: =IF(B88>0,1,0) -> 1 | I88: =IF( B88/C88 > 0.2, 1, IF(E88>0, 1, 0) ) -> 1 | J88: =IF( B88/C88 > 0.4, 1, IF( E88=2, 1, IF(AND(E88>0, OR(F88>0, G88>0)), 1, 0 ) )) -> 1 | K88: =IF(B88/C88 > 0.5, 1, IF( E88=2, 1, IF(AND(E88>0, OR(F88>1, G88>0)), 1, 0 ) )) -> 1 | L88: =IF(B88/C88 > 0.6, 1, IF( AND(E88=2, OR(F88>0, G88>0)), 1, 0 ) ) -> 1 | M88: =IF(B88/C88 > 0.7, 1, IF( AND(E88=2, SUM(F88, G88)>1), 1, 0 ) ) -> 1 | N88: =IF(B88/C88 > 0.8, 1, IF( AND(E88=2, SUM(F88, G88)>3), 1, 0 ) ) -> 0 | O88: =IF(B88/C88 > 0.9, 1, 0) -> 0 | P88: =ROUNDDOWN(B88/C88,0) -> 0 | U88: 1 | V88: 1 | W88: 0 | X88: 0 | Y88: 1 | Z88: 1 | AA88: 0 | AB88: 0
B89: =(SUM(U89:AB89)) -> 5 | C89: =(COUNT(U89:AB89)) -> 8 | D89: =ROUNDUP( MAX( IF(P89,100, IF(O89,80, IF(N89,70, IF(M89,60, IF(L89,55, IF(K89,50, IF(J89,45, IF(I89,35, IF(H89,25, 0))))))))), 100 * B89/C89 ) * 10 / 100,0) -> 7 | E89: =SUM(U89, Z89) -> 2 | F89: =SUM(V89, W89, X89) -> 2 | G89: =SUM(Y89, AA89, AB89) -> 1 | H89: =IF(B89>0,1,0) -> 1 | I89: =IF( B89/C89 > 0.2, 1, IF(E89>0, 1, 0) ) -> 1 | J89: =IF( B89/C89 > 0.4, 1, IF( E89=2, 1, IF(AND(E89>0, OR(F89>0, G89>0)), 1, 0 ) )) -> 1 | K89: =IF(B89/C89 > 0.5, 1, IF( E89=2, 1, IF(AND(E89>0, OR(F89>1, G89>0)), 1, 0 ) )) -> 1 | L89: =IF(B89/C89 > 0.6, 1, IF( AND(E89=2, OR(F89>0, G89>0)), 1, 0 ) ) -> 1 | M89: =IF(B89/C89 > 0.7, 1, IF( AND(E89=2, SUM(F89, G89)>1), 1, 0 ) ) -> 1 | N89: =IF(B89/C89 > 0.8, 1, IF( AND(E89=2, SUM(F89, G89)>3), 1, 0 ) ) -> 0 | O89: =IF(B89/C89 > 0.9, 1, 0) -> 0 | P89: =ROUNDDOWN(B89/C89,0) -> 0 | U89: 1 | V89: 1 | W89: 1 | X89: 0 | Y89: 1 | Z89: 1 | AA89: 0 | AB89: 0
B90: =(SUM(U90:AB90)) -> 5 | C90: =(COUNT(U90:AB90)) -> 8 | D90: =ROUNDUP( MAX( IF(P90,100, IF(O90,80, IF(N90,70, IF(M90,60, IF(L90,55, IF(K90,50, IF(J90,45, IF(I90,35, IF(H90,25, 0))))))))), 100 * B90/C90 ) * 10 / 100,0) -> 7 | E90: =SUM(U90, Z90) -> 2 | F90: =SUM(V90, W90, X90) -> 2 | G90: =SUM(Y90, AA90, AB90) -> 1 | H90: =IF(B90>0,1,0) -> 1 | I90: =IF( B90/C90 > 0.2, 1, IF(E90>0, 1, 0) ) -> 1 | J90: =IF( B90/C90 > 0.4, 1, IF( E90=2, 1, IF(AND(E90>0, OR(F90>0, G90>0)), 1, 0 ) )) -> 1 | K90: =IF(B90/C90 > 0.5, 1, IF( E90=2, 1, IF(AND(E90>0, OR(F90>1, G90>0)), 1, 0 ) )) -> 1 | L90: =IF(B90/C90 > 0.6, 1, IF( AND(E90=2, OR(F90>0, G90>0)), 1, 0 ) ) -> 1 | M90: =IF(B90/C90 > 0.7, 1, IF( AND(E90=2, SUM(F90, G90)>1), 1, 0 ) ) -> 1 | N90: =IF(B90/C90 > 0.8, 1, IF( AND(E90=2, SUM(F90, G90)>3), 1, 0 ) ) -> 0 | O90: =IF(B90/C90 > 0.9, 1, 0) -> 0 | P90: =ROUNDDOWN(B90/C90,0) -> 0 | U90: 1 | V90: 1 | W90: 1 | X90: 0 | Y90: 1 | Z90: 1 | AA90: 0 | AB90: 0
B91: =(SUM(U91:AB91)) -> 3 | C91: =(COUNT(U91:AB91)) -> 8 | D91: =ROUNDUP( MAX( IF(P91,100, IF(O91,80, IF(N91,70, IF(M91,60, IF(L91,55, IF(K91,50, IF(J91,45, IF(I91,35, IF(H91,25, 0))))))))), 100 * B91/C91 ) * 10 / 100,0) -> 6 | E91: =SUM(U91, Z91) -> 2 | F91: =SUM(V91, W91, X91) -> 0 | G91: =SUM(Y91, AA91, AB91) -> 1 | H91: =IF(B91>0,1,0) -> 1 | I91: =IF( B91/C91 > 0.2, 1, IF(E91>0, 1, 0) ) -> 1 | J91: =IF( B91/C91 > 0.4, 1, IF( E91=2, 1, IF(AND(E91>0, OR(F91>0, G91>0)), 1, 0 ) )) -> 1 | K91: =IF(B91/C91 > 0.5, 1, IF( E91=2, 1, IF(AND(E91>0, OR(F91>1, G91>0)), 1, 0 ) )) -> 1 | L91: =IF(B91/C91 > 0.6, 1, IF( AND(E91=2, OR(F91>0, G91>0)), 1, 0 ) ) -> 1 | M91: =IF(B91/C91 > 0.7, 1, IF( AND(E91=2, SUM(F91, G91)>1), 1, 0 ) ) -> 0 | N91: =IF(B91/C91 > 0.8, 1, IF( AND(E91=2, SUM(F91, G91)>3), 1, 0 ) ) -> 0 | O91: =IF(B91/C91 > 0.9, 1, 0) -> 0 | P91: =ROUNDDOWN(B91/C91,0) -> 0 | U91: 1 | V91: 0 | W91: 0 | X91: 0 | Y91: 0 | Z91: 1 | AA91: 0 | AB91: 1 | AC91: Some good discussion on the complementarity of the approaches.
B92: =(SUM(U92:AB92)) -> 4 | C92: =(COUNT(U92:AB92)) -> 8 | D92: =ROUNDUP( MAX( IF(P92,100, IF(O92,80, IF(N92,70, IF(M92,60, IF(L92,55, IF(K92,50, IF(J92,45, IF(I92,35, IF(H92,25, 0))))))))), 100 * B92/C92 ) * 10 / 100,0) -> 6 | E92: =SUM(U92, Z92) -> 2 | F92: =SUM(V92, W92, X92) -> 2 | G92: =SUM(Y92, AA92, AB92) -> 0 | H92: =IF(B92>0,1,0) -> 1 | I92: =IF( B92/C92 > 0.2, 1, IF(E92>0, 1, 0) ) -> 1 | J92: =IF( B92/C92 > 0.4, 1, IF( E92=2, 1, IF(AND(E92>0, OR(F92>0, G92>0)), 1, 0 ) )) -> 1 | K92: =IF(B92/C92 > 0.5, 1, IF( E92=2, 1, IF(AND(E92>0, OR(F92>1, G92>0)), 1, 0 ) )) -> 1 | L92: =IF(B92/C92 > 0.6, 1, IF( AND(E92=2, OR(F92>0, G92>0)), 1, 0 ) ) -> 1 | M92: =IF(B92/C92 > 0.7, 1, IF( AND(E92=2, SUM(F92, G92)>1), 1, 0 ) ) -> 1 | N92: =IF(B92/C92 > 0.8, 1, IF( AND(E92=2, SUM(F92, G92)>3), 1, 0 ) ) -> 0 | O92: =IF(B92/C92 > 0.9, 1, 0) -> 0 | P92: =ROUNDDOWN(B92/C92,0) -> 0 | U92: 1 | V92: 0 | W92: 1 | X92: 1 | Y92: 0 | Z92: 1 | AA92: 0 | AB92: 0
B93: =(SUM(U93:AB93)) -> 6 | C93: =(COUNT(U93:AB93)) -> 8 | D93: =ROUNDUP( MAX( IF(P93,100, IF(O93,80, IF(N93,70, IF(M93,60, IF(L93,55, IF(K93,50, IF(J93,45, IF(I93,35, IF(H93,25, 0))))))))), 100 * B93/C93 ) * 10 / 100,0) -> 8 | E93: =SUM(U93, Z93) -> 2 | F93: =SUM(V93, W93, X93) -> 3 | G93: =SUM(Y93, AA93, AB93) -> 1 | H93: =IF(B93>0,1,0) -> 1 | I93: =IF( B93/C93 > 0.2, 1, IF(E93>0, 1, 0) ) -> 1 | J93: =IF( B93/C93 > 0.4, 1, IF( E93=2, 1, IF(AND(E93>0, OR(F93>0, G93>0)), 1, 0 ) )) -> 1 | K93: =IF(B93/C93 > 0.5, 1, IF( E93=2, 1, IF(AND(E93>0, OR(F93>1, G93>0)), 1, 0 ) )) -> 1 | L93: =IF(B93/C93 > 0.6, 1, IF( AND(E93=2, OR(F93>0, G93>0)), 1, 0 ) ) -> 1 | M93: =IF(B93/C93 > 0.7, 1, IF( AND(E93=2, SUM(F93, G93)>1), 1, 0 ) ) -> 1 | N93: =IF(B93/C93 > 0.8, 1, IF( AND(E93=2, SUM(F93, G93)>3), 1, 0 ) ) -> 1 | O93: =IF(B93/C93 > 0.9, 1, 0) -> 0 | P93: =ROUNDDOWN(B93/C93,0) -> 0 | U93: 1 | V93: 1 | W93: 1 | X93: 1 | Y93: 1 | Z93: 1 | AA93: 0 | AB93: 0
B94: =(SUM(U94:AB94)) -> 6 | C94: =(COUNT(U94:AB94)) -> 8 | D94: =ROUNDUP( MAX( IF(P94,100, IF(O94,80, IF(N94,70, IF(M94,60, IF(L94,55, IF(K94,50, IF(J94,45, IF(I94,35, IF(H94,25, 0))))))))), 100 * B94/C94 ) * 10 / 100,0) -> 8 | E94: =SUM(U94, Z94) -> 2 | F94: =SUM(V94, W94, X94) -> 3 | G94: =SUM(Y94, AA94, AB94) -> 1 | H94: =IF(B94>0,1,0) -> 1 | I94: =IF( B94/C94 > 0.2, 1, IF(E94>0, 1, 0) ) -> 1 | J94: =IF( B94/C94 > 0.4, 1, IF( E94=2, 1, IF(AND(E94>0, OR(F94>0, G94>0)), 1, 0 ) )) -> 1 | K94: =IF(B94/C94 > 0.5, 1, IF( E94=2, 1, IF(AND(E94>0, OR(F94>1, G94>0)), 1, 0 ) )) -> 1 | L94: =IF(B94/C94 > 0.6, 1, IF( AND(E94=2, OR(F94>0, G94>0)), 1, 0 ) ) -> 1 | M94: =IF(B94/C94 > 0.7, 1, IF( AND(E94=2, SUM(F94, G94)>1), 1, 0 ) ) -> 1 | N94: =IF(B94/C94 > 0.8, 1, IF( AND(E94=2, SUM(F94, G94)>3), 1, 0 ) ) -> 1 | O94: =IF(B94/C94 > 0.9, 1, 0) -> 0 | P94: =ROUNDDOWN(B94/C94,0) -> 0 | U94: 1 | V94: 1 | W94: 1 | X94: 1 | Y94: 1 | Z94: 1 | AA94: 0 | AB94: 0
B95: =(SUM(U95:AB95)) -> 5 | C95: =(COUNT(U95:AB95)) -> 8 | D95: =ROUNDUP( MAX( IF(P95,100, IF(O95,80, IF(N95,70, IF(M95,60, IF(L95,55, IF(K95,50, IF(J95,45, IF(I95,35, IF(H95,25, 0))))))))), 100 * B95/C95 ) * 10 / 100,0) -> 7 | E95: =SUM(U95, Z95) -> 2 | F95: =SUM(V95, W95, X95) -> 2 | G95: =SUM(Y95, AA95, AB95) -> 1 | H95: =IF(B95>0,1,0) -> 1 | I95: =IF( B95/C95 > 0.2, 1, IF(E95>0, 1, 0) ) -> 1 | J95: =IF( B95/C95 > 0.4, 1, IF( E95=2, 1, IF(AND(E95>0, OR(F95>0, G95>0)), 1, 0 ) )) -> 1 | K95: =IF(B95/C95 > 0.5, 1, IF( E95=2, 1, IF(AND(E95>0, OR(F95>1, G95>0)), 1, 0 ) )) -> 1 | L95: =IF(B95/C95 > 0.6, 1, IF( AND(E95=2, OR(F95>0, G95>0)), 1, 0 ) ) -> 1 | M95: =IF(B95/C95 > 0.7, 1, IF( AND(E95=2, SUM(F95, G95)>1), 1, 0 ) ) -> 1 | N95: =IF(B95/C95 > 0.8, 1, IF( AND(E95=2, SUM(F95, G95)>3), 1, 0 ) ) -> 0 | O95: =IF(B95/C95 > 0.9, 1, 0) -> 0 | P95: =ROUNDDOWN(B95/C95,0) -> 0 | U95: 1 | V95: 0 | W95: 1 | X95: 1 | Y95: 0 | Z95: 1 | AA95: 0 | AB95: 1 | AC95: Good use of reference to adress the complementarity of the two approaches.
B96: =(SUM(U96:AB96)) -> 6 | C96: =(COUNT(U96:AB96)) -> 8 | D96: =ROUNDUP( MAX( IF(P96,100, IF(O96,80, IF(N96,70, IF(M96,60, IF(L96,55, IF(K96,50, IF(J96,45, IF(I96,35, IF(H96,25, 0))))))))), 100 * B96/C96 ) * 10 / 100,0) -> 8 | E96: =SUM(U96, Z96) -> 2 | F96: =SUM(V96, W96, X96) -> 3 | G96: =SUM(Y96, AA96, AB96) -> 1 | H96: =IF(B96>0,1,0) -> 1 | I96: =IF( B96/C96 > 0.2, 1, IF(E96>0, 1, 0) ) -> 1 | J96: =IF( B96/C96 > 0.4, 1, IF( E96=2, 1, IF(AND(E96>0, OR(F96>0, G96>0)), 1, 0 ) )) -> 1 | K96: =IF(B96/C96 > 0.5, 1, IF( E96=2, 1, IF(AND(E96>0, OR(F96>1, G96>0)), 1, 0 ) )) -> 1 | L96: =IF(B96/C96 > 0.6, 1, IF( AND(E96=2, OR(F96>0, G96>0)), 1, 0 ) ) -> 1 | M96: =IF(B96/C96 > 0.7, 1, IF( AND(E96=2, SUM(F96, G96)>1), 1, 0 ) ) -> 1 | N96: =IF(B96/C96 > 0.8, 1, IF( AND(E96=2, SUM(F96, G96)>3), 1, 0 ) ) -> 1 | O96: =IF(B96/C96 > 0.9, 1, 0) -> 0 | P96: =ROUNDDOWN(B96/C96,0) -> 0 | U96: 1 | V96: 1 | W96: 1 | X96: 1 | Y96: 1 | Z96: 1 | AA96: 0 | AB96: 0
B97: =(SUM(U97:AB97)) -> 2 | C97: =(COUNT(U97:AB97)) -> 8 | D97: =ROUNDUP( MAX( IF(P97,100, IF(O97,80, IF(N97,70, IF(M97,60, IF(L97,55, IF(K97,50, IF(J97,45, IF(I97,35, IF(H97,25, 0))))))))), 100 * B97/C97 ) * 10 / 100,0) -> 5 | E97: =SUM(U97, Z97) -> 2 | F97: =SUM(V97, W97, X97) -> 0 | G97: =SUM(Y97, AA97, AB97) -> 0 | H97: =IF(B97>0,1,0) -> 1 | I97: =IF( B97/C97 > 0.2, 1, IF(E97>0, 1, 0) ) -> 1 | J97: =IF( B97/C97 > 0.4, 1, IF( E97=2, 1, IF(AND(E97>0, OR(F97>0, G97>0)), 1, 0 ) )) -> 1 | K97: =IF(B97/C97 > 0.5, 1, IF( E97=2, 1, IF(AND(E97>0, OR(F97>1, G97>0)), 1, 0 ) )) -> 1 | L97: =IF(B97/C97 > 0.6, 1, IF( AND(E97=2, OR(F97>0, G97>0)), 1, 0 ) ) -> 0 | M97: =IF(B97/C97 > 0.7, 1, IF( AND(E97=2, SUM(F97, G97)>1), 1, 0 ) ) -> 0 | N97: =IF(B97/C97 > 0.8, 1, IF( AND(E97=2, SUM(F97, G97)>3), 1, 0 ) ) -> 0 | O97: =IF(B97/C97 > 0.9, 1, 0) -> 0 | P97: =ROUNDDOWN(B97/C97,0) -> 0 | U97: 1 | V97: 0 | W97: 0 | X97: 0 | Y97: 0 | Z97: 1 | AA97: 0 | AB97: 0
B98: =(SUM(U98:AB98)) -> 5 | C98: =(COUNT(U98:AB98)) -> 8 | D98: =ROUNDUP( MAX( IF(P98,100, IF(O98,80, IF(N98,70, IF(M98,60, IF(L98,55, IF(K98,50, IF(J98,45, IF(I98,35, IF(H98,25, 0))))))))), 100 * B98/C98 ) * 10 / 100,0) -> 7 | E98: =SUM(U98, Z98) -> 2 | F98: =SUM(V98, W98, X98) -> 2 | G98: =SUM(Y98, AA98, AB98) -> 1 | H98: =IF(B98>0,1,0) -> 1 | I98: =IF( B98/C98 > 0.2, 1, IF(E98>0, 1, 0) ) -> 1 | J98: =IF( B98/C98 > 0.4, 1, IF( E98=2, 1, IF(AND(E98>0, OR(F98>0, G98>0)), 1, 0 ) )) -> 1 | K98: =IF(B98/C98 > 0.5, 1, IF( E98=2, 1, IF(AND(E98>0, OR(F98>1, G98>0)), 1, 0 ) )) -> 1 | L98: =IF(B98/C98 > 0.6, 1, IF( AND(E98=2, OR(F98>0, G98>0)), 1, 0 ) ) -> 1 | M98: =IF(B98/C98 > 0.7, 1, IF( AND(E98=2, SUM(F98, G98)>1), 1, 0 ) ) -> 1 | N98: =IF(B98/C98 > 0.8, 1, IF( AND(E98=2, SUM(F98, G98)>3), 1, 0 ) ) -> 0 | O98: =IF(B98/C98 > 0.9, 1, 0) -> 0 | P98: =ROUNDDOWN(B98/C98,0) -> 0 | U98: 1 | V98: 0 | W98: 1 | X98: 1 | Y98: 1 | Z98: 1 | AA98: 0 | AB98: 0
B99: =(SUM(U99:AB99)) -> 4 | C99: =(COUNT(U99:AB99)) -> 8 | D99: =ROUNDUP( MAX( IF(P99,100, IF(O99,80, IF(N99,70, IF(M99,60, IF(L99,55, IF(K99,50, IF(J99,45, IF(I99,35, IF(H99,25, 0))))))))), 100 * B99/C99 ) * 10 / 100,0) -> 6 | E99: =SUM(U99, Z99) -> 2 | F99: =SUM(V99, W99, X99) -> 2 | G99: =SUM(Y99, AA99, AB99) -> 0 | H99: =IF(B99>0,1,0) -> 1 | I99: =IF( B99/C99 > 0.2, 1, IF(E99>0, 1, 0) ) -> 1 | J99: =IF( B99/C99 > 0.4, 1, IF( E99=2, 1, IF(AND(E99>0, OR(F99>0, G99>0)), 1, 0 ) )) -> 1 | K99: =IF(B99/C99 > 0.5, 1, IF( E99=2, 1, IF(AND(E99>0, OR(F99>1, G99>0)), 1, 0 ) )) -> 1 | L99: =IF(B99/C99 > 0.6, 1, IF( AND(E99=2, OR(F99>0, G99>0)), 1, 0 ) ) -> 1 | M99: =IF(B99/C99 > 0.7, 1, IF( AND(E99=2, SUM(F99, G99)>1), 1, 0 ) ) -> 1 | N99: =IF(B99/C99 > 0.8, 1, IF( AND(E99=2, SUM(F99, G99)>3), 1, 0 ) ) -> 0 | O99: =IF(B99/C99 > 0.9, 1, 0) -> 0 | P99: =ROUNDDOWN(B99/C99,0) -> 0 | U99: 1 | V99: 1 | W99: 1 | X99: 0 | Y99: 0 | Z99: 1 | AA99: 0 | AB99: 0
B100: =(SUM(U100:AB100)) -> 4 | C100: =(COUNT(U100:AB100)) -> 8 | D100: =ROUNDUP( MAX( IF(P100,100, IF(O100,80, IF(N100,70, IF(M100,60, IF(L100,55, IF(K100,50, IF(J100,45, IF(I100,35, IF(H100,25, 0))))))))), 100 * B100/C100 ) * 10 / 100,0) -> 6 | E100: =SUM(U100, Z100) -> 2 | F100: =SUM(V100, W100, X100) -> 1 | G100: =SUM(Y100, AA100, AB100) -> 1 | H100: =IF(B100>0,1,0) -> 1 | I100: =IF( B100/C100 > 0.2, 1, IF(E100>0, 1, 0) ) -> 1 | J100: =IF( B100/C100 > 0.4, 1, IF( E100=2, 1, IF(AND(E100>0, OR(F100>0, G100>0)), 1, 0 ) )) -> 1 | K100: =IF(B100/C100 > 0.5, 1, IF( E100=2, 1, IF(AND(E100>0, OR(F100>1, G100>0)), 1, 0 ) )) -> 1 | L100: =IF(B100/C100 > 0.6, 1, IF( AND(E100=2, OR(F100>0, G100>0)), 1, 0 ) ) -> 1 | M100: =IF(B100/C100 > 0.7, 1, IF( AND(E100=2, SUM(F100, G100)>1), 1, 0 ) ) -> 1 | N100: =IF(B100/C100 > 0.8, 1, IF( AND(E100=2, SUM(F100, G100)>3), 1, 0 ) ) -> 0 | O100: =IF(B100/C100 > 0.9, 1, 0) -> 0 | P100: =ROUNDDOWN(B100/C100,0) -> 0 | U100: 1 | V100: 1 | W100: 0 | X100: 0 | Y100: 1 | Z100: 1 | AA100: 0 | AB100: 0
B101: =(SUM(U101:AB101)) -> 6 | C101: =(COUNT(U101:AB101)) -> 8 | D101: =ROUNDUP( MAX( IF(P101,100, IF(O101,80, IF(N101,70, IF(M101,60, IF(L101,55, IF(K101,50, IF(J101,45, IF(I101,35, IF(H101,25, 0))))))))), 100 * B101/C101 ) * 10 / 100,0) -> 8 | E101: =SUM(U101, Z101) -> 2 | F101: =SUM(V101, W101, X101) -> 3 | G101: =SUM(Y101, AA101, AB101) -> 1 | H101: =IF(B101>0,1,0) -> 1 | I101: =IF( B101/C101 > 0.2, 1, IF(E101>0, 1, 0) ) -> 1 | J101: =IF( B101/C101 > 0.4, 1, IF( E101=2, 1, IF(AND(E101>0, OR(F101>0, G101>0)), 1, 0 ) )) -> 1 | K101: =IF(B101/C101 > 0.5, 1, IF( E101=2, 1, IF(AND(E101>0, OR(F101>1, G101>0)), 1, 0 ) )) -> 1 | L101: =IF(B101/C101 > 0.6, 1, IF( AND(E101=2, OR(F101>0, G101>0)), 1, 0 ) ) -> 1 | M101: =IF(B101/C101 > 0.7, 1, IF( AND(E101=2, SUM(F101, G101)>1), 1, 0 ) ) -> 1 | N101: =IF(B101/C101 > 0.8, 1, IF( AND(E101=2, SUM(F101, G101)>3), 1, 0 ) ) -> 1 | O101: =IF(B101/C101 > 0.9, 1, 0) -> 0 | P101: =ROUNDDOWN(B101/C101,0) -> 0 | U101: 1 | V101: 1 | W101: 1 | X101: 1 | Y101: 1 | Z101: 1 | AA101: 0 | AB101: 0
B102: =(SUM(U102:AB102)) -> 5 | C102: =(COUNT(U102:AB102)) -> 8 | D102: =ROUNDUP( MAX( IF(P102,100, IF(O102,80, IF(N102,70, IF(M102,60, IF(L102,55, IF(K102,50, IF(J102,45, IF(I102,35, IF(H102,25, 0))))))))), 100 * B102/C102 ) * 10 / 100,0) -> 7 | E102: =SUM(U102, Z102) -> 2 | F102: =SUM(V102, W102, X102) -> 2 | G102: =SUM(Y102, AA102, AB102) -> 1 | H102: =IF(B102>0,1,0) -> 1 | I102: =IF( B102/C102 > 0.2, 1, IF(E102>0, 1, 0) ) -> 1 | J102: =IF( B102/C102 > 0.4, 1, IF( E102=2, 1, IF(AND(E102>0, OR(F102>0, G102>0)), 1, 0 ) )) -> 1 | K102: =IF(B102/C102 > 0.5, 1, IF( E102=2, 1, IF(AND(E102>0, OR(F102>1, G102>0)), 1, 0 ) )) -> 1 | L102: =IF(B102/C102 > 0.6, 1, IF( AND(E102=2, OR(F102>0, G102>0)), 1, 0 ) ) -> 1 | M102: =IF(B102/C102 > 0.7, 1, IF( AND(E102=2, SUM(F102, G102)>1), 1, 0 ) ) -> 1 | N102: =IF(B102/C102 > 0.8, 1, IF( AND(E102=2, SUM(F102, G102)>3), 1, 0 ) ) -> 0 | O102: =IF(B102/C102 > 0.9, 1, 0) -> 0 | P102: =ROUNDDOWN(B102/C102,0) -> 0 | U102: 1 | V102: 0 | W102: 1 | X102: 1 | Y102: 1 | Z102: 1 | AA102: 0 | AB102: 0
B103: =(SUM(U103:AB103)) -> 3 | C103: =(COUNT(U103:AB103)) -> 8 | D103: =ROUNDUP( MAX( IF(P103,100, IF(O103,80, IF(N103,70, IF(M103,60, IF(L103,55, IF(K103,50, IF(J103,45, IF(I103,35, IF(H103,25, 0))))))))), 100 * B103/C103 ) * 10 / 100,0) -> 6 | E103: =SUM(U103, Z103) -> 2 | F103: =SUM(V103, W103, X103) -> 0 | G103: =SUM(Y103, AA103, AB103) -> 1 | H103: =IF(B103>0,1,0) -> 1 | I103: =IF( B103/C103 > 0.2, 1, IF(E103>0, 1, 0) ) -> 1 | J103: =IF( B103/C103 > 0.4, 1, IF( E103=2, 1, IF(AND(E103>0, OR(F103>0, G103>0)), 1, 0 ) )) -> 1 | K103: =IF(B103/C103 > 0.5, 1, IF( E103=2, 1, IF(AND(E103>0, OR(F103>1, G103>0)), 1, 0 ) )) -> 1 | L103: =IF(B103/C103 > 0.6, 1, IF( AND(E103=2, OR(F103>0, G103>0)), 1, 0 ) ) -> 1 | M103: =IF(B103/C103 > 0.7, 1, IF( AND(E103=2, SUM(F103, G103)>1), 1, 0 ) ) -> 0 | N103: =IF(B103/C103 > 0.8, 1, IF( AND(E103=2, SUM(F103, G103)>3), 1, 0 ) ) -> 0 | O103: =IF(B103/C103 > 0.9, 1, 0) -> 0 | P103: =ROUNDDOWN(B103/C103,0) -> 0 | U103: 1 | V103: 0 | W103: 0 | X103: 0 | Y103: 1 | Z103: 1 | AA103: 0 | AB103: 0
B104: =(SUM(U104:AB104)) -> 4 | C104: =(COUNT(U104:AB104)) -> 8 | D104: =ROUNDUP( MAX( IF(P104,100, IF(O104,80, IF(N104,70, IF(M104,60, IF(L104,55, IF(K104,50, IF(J104,45, IF(I104,35, IF(H104,25, 0))))))))), 100 * B104/C104 ) * 10 / 100,0) -> 6 | E104: =SUM(U104, Z104) -> 2 | F104: =SUM(V104, W104, X104) -> 2 | G104: =SUM(Y104, AA104, AB104) -> 0 | H104: =IF(B104>0,1,0) -> 1 | I104: =IF( B104/C104 > 0.2, 1, IF(E104>0, 1, 0) ) -> 1 | J104: =IF( B104/C104 > 0.4, 1, IF( E104=2, 1, IF(AND(E104>0, OR(F104>0, G104>0)), 1, 0 ) )) -> 1 | K104: =IF(B104/C104 > 0.5, 1, IF( E104=2, 1, IF(AND(E104>0, OR(F104>1, G104>0)), 1, 0 ) )) -> 1 | L104: =IF(B104/C104 > 0.6, 1, IF( AND(E104=2, OR(F104>0, G104>0)), 1, 0 ) ) -> 1 | M104: =IF(B104/C104 > 0.7, 1, IF( AND(E104=2, SUM(F104, G104)>1), 1, 0 ) ) -> 1 | N104: =IF(B104/C104 > 0.8, 1, IF( AND(E104=2, SUM(F104, G104)>3), 1, 0 ) ) -> 0 | O104: =IF(B104/C104 > 0.9, 1, 0) -> 0 | P104: =ROUNDDOWN(B104/C104,0) -> 0 | U104: 1 | V104: 0 | W104: 1 | X104: 1 | Y104: 0 | Z104: 1 | AA104: 0 | AB104: 0
B105: =(SUM(U105:AB105)) -> 4 | C105: =(COUNT(U105:AB105)) -> 8 | D105: =ROUNDUP( MAX( IF(P105,100, IF(O105,80, IF(N105,70, IF(M105,60, IF(L105,55, IF(K105,50, IF(J105,45, IF(I105,35, IF(H105,25, 0))))))))), 100 * B105/C105 ) * 10 / 100,0) -> 6 | E105: =SUM(U105, Z105) -> 2 | F105: =SUM(V105, W105, X105) -> 1 | G105: =SUM(Y105, AA105, AB105) -> 1 | H105: =IF(B105>0,1,0) -> 1 | I105: =IF( B105/C105 > 0.2, 1, IF(E105>0, 1, 0) ) -> 1 | J105: =IF( B105/C105 > 0.4, 1, IF( E105=2, 1, IF(AND(E105>0, OR(F105>0, G105>0)), 1, 0 ) )) -> 1 | K105: =IF(B105/C105 > 0.5, 1, IF( E105=2, 1, IF(AND(E105>0, OR(F105>1, G105>0)), 1, 0 ) )) -> 1 | L105: =IF(B105/C105 > 0.6, 1, IF( AND(E105=2, OR(F105>0, G105>0)), 1, 0 ) ) -> 1 | M105: =IF(B105/C105 > 0.7, 1, IF( AND(E105=2, SUM(F105, G105)>1), 1, 0 ) ) -> 1 | N105: =IF(B105/C105 > 0.8, 1, IF( AND(E105=2, SUM(F105, G105)>3), 1, 0 ) ) -> 0 | O105: =IF(B105/C105 > 0.9, 1, 0) -> 0 | P105: =ROUNDDOWN(B105/C105,0) -> 0 | U105: 1 | V105: 1 | W105: 0 | X105: 0 | Y105: 1 | Z105: 1 | AA105: 0 | AB105: 0
B106: =(SUM(U106:AB106)) -> 5 | C106: =(COUNT(U106:AB106)) -> 8 | D106: =ROUNDUP( MAX( IF(P106,100, IF(O106,80, IF(N106,70, IF(M106,60, IF(L106,55, IF(K106,50, IF(J106,45, IF(I106,35, IF(H106,25, 0))))))))), 100 * B106/C106 ) * 10 / 100,0) -> 7 | E106: =SUM(U106, Z106) -> 2 | F106: =SUM(V106, W106, X106) -> 2 | G106: =SUM(Y106, AA106, AB106) -> 1 | H106: =IF(B106>0,1,0) -> 1 | I106: =IF( B106/C106 > 0.2, 1, IF(E106>0, 1, 0) ) -> 1 | J106: =IF( B106/C106 > 0.4, 1, IF( E106=2, 1, IF(AND(E106>0, OR(F106>0, G106>0)), 1, 0 ) )) -> 1 | K106: =IF(B106/C106 > 0.5, 1, IF( E106=2, 1, IF(AND(E106>0, OR(F106>1, G106>0)), 1, 0 ) )) -> 1 | L106: =IF(B106/C106 > 0.6, 1, IF( AND(E106=2, OR(F106>0, G106>0)), 1, 0 ) ) -> 1 | M106: =IF(B106/C106 > 0.7, 1, IF( AND(E106=2, SUM(F106, G106)>1), 1, 0 ) ) -> 1 | N106: =IF(B106/C106 > 0.8, 1, IF( AND(E106=2, SUM(F106, G106)>3), 1, 0 ) ) -> 0 | O106: =IF(B106/C106 > 0.9, 1, 0) -> 0 | P106: =ROUNDDOWN(B106/C106,0) -> 0 | U106: 1 | V106: 0 | W106: 1 | X106: 1 | Y106: 1 | Z106: 1 | AA106: 0 | AB106: 0
B107: =(SUM(U107:AB107)) -> 5 | C107: =(COUNT(U107:AB107)) -> 8 | D107: =ROUNDUP( MAX( IF(P107,100, IF(O107,80, IF(N107,70, IF(M107,60, IF(L107,55, IF(K107,50, IF(J107,45, IF(I107,35, IF(H107,25, 0))))))))), 100 * B107/C107 ) * 10 / 100,0) -> 7 | E107: =SUM(U107, Z107) -> 2 | F107: =SUM(V107, W107, X107) -> 2 | G107: =SUM(Y107, AA107, AB107) -> 1 | H107: =IF(B107>0,1,0) -> 1 | I107: =IF( B107/C107 > 0.2, 1, IF(E107>0, 1, 0) ) -> 1 | J107: =IF( B107/C107 > 0.4, 1, IF( E107=2, 1, IF(AND(E107>0, OR(F107>0, G107>0)), 1, 0 ) )) -> 1 | K107: =IF(B107/C107 > 0.5, 1, IF( E107=2, 1, IF(AND(E107>0, OR(F107>1, G107>0)), 1, 0 ) )) -> 1 | L107: =IF(B107/C107 > 0.6, 1, IF( AND(E107=2, OR(F107>0, G107>0)), 1, 0 ) ) -> 1 | M107: =IF(B107/C107 > 0.7, 1, IF( AND(E107=2, SUM(F107, G107)>1), 1, 0 ) ) -> 1 | N107: =IF(B107/C107 > 0.8, 1, IF( AND(E107=2, SUM(F107, G107)>3), 1, 0 ) ) -> 0 | O107: =IF(B107/C107 > 0.9, 1, 0) -> 0 | P107: =ROUNDDOWN(B107/C107,0) -> 0 | U107: 1 | V107: 1 | W107: 1 | X107: 0 | Y107: 1 | Z107: 1 | AA107: 0 | AB107: 0
... B119: =(SUM(U119:AB119)) -> 5 | C119: =(COUNT(U119:AB119)) -> 8 | D119: =ROUNDUP( MAX( IF(P119,100, IF(O119,80, IF(N119,70, IF(M119,60, IF(L119,55, IF(K119,50, IF(J119,45, IF(I119,35, IF(H119,25, 0))))))))), 100 * B119/C119 ) * 10 / 100,0) -> 7 | E119: =SUM(U119, Z119) -> 2 | F119: =SUM(V119, W119, X119) -> 2 | G119: =SUM(Y119, AA119, AB119) -> 1 | H119: =IF(B119>0,1,0) -> 1 | I119: =IF( B119/C119 > 0.2, 1, IF(E119>0, 1, 0) ) -> 1 | J119: =IF( B119/C119 > 0.4, 1, IF( E119=2, 1, IF(AND(E119>0, OR(F119>0, G119>0)), 1, 0 ) )) -> 1 | K119: =IF(B119/C119 > 0.5, 1, IF( E119=2, 1, IF(AND(E119>0, OR(F119>1, G119>0)), 1, 0 ) )) -> 1 | L119: =IF(B119/C119 > 0.6, 1, IF( AND(E119=2, OR(F119>0, G119>0)), 1, 0 ) ) -> 1 | M119: =IF(B119/C119 > 0.7, 1, IF( AND(E119=2, SUM(F119, G119)>1), 1, 0 ) ) -> 1 | N119: =IF(B119/C119 > 0.8, 1, IF( AND(E119=2, SUM(F119, G119)>3), 1, 0 ) ) -> 0 | O119: =IF(B119/C119 > 0.9, 1, 0) -> 0 | P119: =ROUNDDOWN(B119/C119,0) -> 0 | U119: 1 | V119: 0 | W119: 1 | X119: 1 | Y119: 0 | Z119: 1 | AA119: 1 | AB119: 0
B120: =(SUM(U120:AB120)) -> 7 | C120: =(COUNT(U120:AB120)) -> 8 | D120: =ROUNDUP( MAX( IF(P120,100, IF(O120,80, IF(N120,70, IF(M120,60, IF(L120,55, IF(K120,50, IF(J120,45, IF(I120,35, IF(H120,25, 0))))))))), 100 * B120/C120 ) * 10 / 100,0) -> 9 | E120: =SUM(U120, Z120) -> 1 | F120: =SUM(V120, W120, X120) -> 3 | G120: =SUM(Y120, AA120, AB120) -> 3 | H120: =IF(B120>0,1,0) -> 1 | I120: =IF( B120/C120 > 0.2, 1, IF(E120>0, 1, 0) ) -> 1 | J120: =IF( B120/C120 > 0.4, 1, IF( E120=2, 1, IF(AND(E120>0, OR(F120>0, G120>0)), 1, 0 ) )) -> 1 | K120: =IF(B120/C120 > 0.5, 1, IF( E120=2, 1, IF(AND(E120>0, OR(F120>1, G120>0)), 1, 0 ) )) -> 1 | L120: =IF(B120/C120 > 0.6, 1, IF( AND(E120=2, OR(F120>0, G120>0)), 1, 0 ) ) -> 1 | M120: =IF(B120/C120 > 0.7, 1, IF( AND(E120=2, SUM(F120, G120)>1), 1, 0 ) ) -> 1 | N120: =IF(B120/C120 > 0.8, 1, IF( AND(E120=2, SUM(F120, G120)>3), 1, 0 ) ) -> 1 | O120: =IF(B120/C120 > 0.9, 1, 0) -> 0 | P120: =ROUNDDOWN(B120/C120,0) -> 0 | U120: 1 | V120: 1 | W120: 1 | X120: 1 | Y120: 1 | Z120: 0 | AA120: 1 | AB120: 1 | AC120: Good discussion on how L1 and L2 are special cases of the new setup.
B121: =(SUM(U121:AB121)) -> 5 | C121: =(COUNT(U121:AB121)) -> 8 | D121: =ROUNDUP( MAX( IF(P121,100, IF(O121,80, IF(N121,70, IF(M121,60, IF(L121,55, IF(K121,50, IF(J121,45, IF(I121,35, IF(H121,25, 0))))))))), 100 * B121/C121 ) * 10 / 100,0) -> 7 | E121: =SUM(U121, Z121) -> 2 | F121: =SUM(V121, W121, X121) -> 2 | G121: =SUM(Y121, AA121, AB121) -> 1 | H121: =IF(B121>0,1,0) -> 1 | I121: =IF( B121/C121 > 0.2, 1, IF(E121>0, 1, 0) ) -> 1 | J121: =IF( B121/C121 > 0.4, 1, IF( E121=2, 1, IF(AND(E121>0, OR(F121>0, G121>0)), 1, 0 ) )) -> 1 | K121: =IF(B121/C121 > 0.5, 1, IF( E121=2, 1, IF(AND(E121>0, OR(F121>1, G121>0)), 1, 0 ) )) -> 1 | L121: =IF(B121/C121 > 0.6, 1, IF( AND(E121=2, OR(F121>0, G121>0)), 1, 0 ) ) -> 1 | M121: =IF(B121/C121 > 0.7, 1, IF( AND(E121=2, SUM(F121, G121)>1), 1, 0 ) ) -> 1 | N121: =IF(B121/C121 > 0.8, 1, IF( AND(E121=2, SUM(F121, G121)>3), 1, 0 ) ) -> 0 | O121: =IF(B121/C121 > 0.9, 1, 0) -> 0 | P121: =ROUNDDOWN(B121/C121,0) -> 0 | U121: 1 | V121: 0 | W121: 1 | X121: 1 | Y121: 0 | Z121: 1 | AA121: 1 | AB121: 0
B122: =(SUM(U122:AB122)) -> 4 | C122: =(COUNT(U122:AB122)) -> 8 | D122: =ROUNDUP( MAX( IF(P122,100, IF(O122,80, IF(N122,70, IF(M122,60, IF(L122,55, IF(K122,50, IF(J122,45, IF(I122,35, IF(H122,25, 0))))))))), 100 * B122/C122 ) * 10 / 100,0) -> 5 | E122: =SUM(U122, Z122) -> 1 | F122: =SUM(V122, W122, X122) -> 1 | G122: =SUM(Y122, AA122, AB122) -> 2 | H122: =IF(B122>0,1,0) -> 1 | I122: =IF( B122/C122 > 0.2, 1, IF(E122>0, 1, 0) ) -> 1 | J122: =IF( B122/C122 > 0.4, 1, IF( E122=2, 1, IF(AND(E122>0, OR(F122>0, G122>0)), 1, 0 ) )) -> 1 | K122: =IF(B122/C122 > 0.5, 1, IF( E122=2, 1, IF(AND(E122>0, OR(F122>1, G122>0)), 1, 0 ) )) -> 1 | L122: =IF(B122/C122 > 0.6, 1, IF( AND(E122=2, OR(F122>0, G122>0)), 1, 0 ) ) -> 0 | M122: =IF(B122/C122 > 0.7, 1, IF( AND(E122=2, SUM(F122, G122)>1), 1, 0 ) ) -> 0 | N122: =IF(B122/C122 > 0.8, 1, IF( AND(E122=2, SUM(F122, G122)>3), 1, 0 ) ) -> 0 | O122: =IF(B122/C122 > 0.9, 1, 0) -> 0 | P122: =ROUNDDOWN(B122/C122,0) -> 0 | U122: 1 | V122: 0 | W122: 1 | X122: 0 | Y122: 1 | Z122: 0 | AA122: 1 | AB122: 0
B123: =(SUM(U123:AB123)) -> 5 | C123: =(COUNT(U123:AB123)) -> 8 | D123: =ROUNDUP( MAX( IF(P123,100, IF(O123,80, IF(N123,70, IF(M123,60, IF(L123,55, IF(K123,50, IF(J123,45, IF(I123,35, IF(H123,25, 0))))))))), 100 * B123/C123 ) * 10 / 100,0) -> 7 | E123: =SUM(U123, Z123) -> 2 | F123: =SUM(V123, W123, X123) -> 2 | G123: =SUM(Y123, AA123, AB123) -> 1 | H123: =IF(B123>0,1,0) -> 1 | I123: =IF( B123/C123 > 0.2, 1, IF(E123>0, 1, 0) ) -> 1 | J123: =IF( B123/C123 > 0.4, 1, IF( E123=2, 1, IF(AND(E123>0, OR(F123>0, G123>0)), 1, 0 ) )) -> 1 | K123: =IF(B123/C123 > 0.5, 1, IF( E123=2, 1, IF(AND(E123>0, OR(F123>1, G123>0)), 1, 0 ) )) -> 1 | L123: =IF(B123/C123 > 0.6, 1, IF( AND(E123=2, OR(F123>0, G123>0)), 1, 0 ) ) -> 1 | M123: =IF(B123/C123 > 0.7, 1, IF( AND(E123=2, SUM(F123, G123)>1), 1, 0 ) ) -> 1 | N123: =IF(B123/C123 > 0.8, 1, IF( AND(E123=2, SUM(F123, G123)>3), 1, 0 ) ) -> 0 | O123: =IF(B123/C123 > 0.9, 1, 0) -> 0 | P123: =ROUNDDOWN(B123/C123,0) -> 0 | U123: 1 | V123: 0 | W123: 1 | X123: 1 | Y123: 0 | Z123: 1 | AA123: 1 | AB123: 0
B124: =(SUM(U124:AB124)) -> 3 | C124: =(COUNT(U124:AB124)) -> 8 | D124: =ROUNDUP( MAX( IF(P124,100, IF(O124,80, IF(N124,70, IF(M124,60, IF(L124,55, IF(K124,50, IF(J124,45, IF(I124,35, IF(H124,25, 0))))))))), 100 * B124/C124 ) * 10 / 100,0) -> 5 | E124: =SUM(U124, Z124) -> 1 | F124: =SUM(V124, W124, X124) -> 1 | G124: =SUM(Y124, AA124, AB124) -> 1 | H124: =IF(B124>0,1,0) -> 1 | I124: =IF( B124/C124 > 0.2, 1, IF(E124>0, 1, 0) ) -> 1 | J124: =IF( B124/C124 > 0.4, 1, IF( E124=2, 1, IF(AND(E124>0, OR(F124>0, G124>0)), 1, 0 ) )) -> 1 | K124: =IF(B124/C124 > 0.5, 1, IF( E124=2, 1, IF(AND(E124>0, OR(F124>1, G124>0)), 1, 0 ) )) -> 1 | L124: =IF(B124/C124 > 0.6, 1, IF( AND(E124=2, OR(F124>0, G124>0)), 1, 0 ) ) -> 0 | M124: =IF(B124/C124 > 0.7, 1, IF( AND(E124=2, SUM(F124, G124)>1), 1, 0 ) ) -> 0 | N124: =IF(B124/C124 > 0.8, 1, IF( AND(E124=2, SUM(F124, G124)>3), 1, 0 ) ) -> 0 | O124: =IF(B124/C124 > 0.9, 1, 0) -> 0 | P124: =ROUNDDOWN(B124/C124,0) -> 0 | U124: 1 | V124: 0 | W124: 1 | X124: 0 | Y124: 0 | Z124: 0 | AA124: 1 | AB124: 0
B125: =(SUM(U125:AB125)) -> 5 | C125: =(COUNT(U125:AB125)) -> 8 | D125: =ROUNDUP( MAX( IF(P125,100, IF(O125,80, IF(N125,70, IF(M125,60, IF(L125,55, IF(K125,50, IF(J125,45, IF(I125,35, IF(H125,25, 0))))))))), 100 * B125/C125 ) * 10 / 100,0) -> 7 | E125: =SUM(U125, Z125) -> 1 | F125: =SUM(V125, W125, X125) -> 3 | G125: =SUM(Y125, AA125, AB125) -> 1 | H125: =IF(B125>0,1,0) -> 1 | I125: =IF( B125/C125 > 0.2, 1, IF(E125>0, 1, 0) ) -> 1 | J125: =IF( B125/C125 > 0.4, 1, IF( E125=2, 1, IF(AND(E125>0, OR(F125>0, G125>0)), 1, 0 ) )) -> 1 | K125: =IF(B125/C125 > 0.5, 1, IF( E125=2, 1, IF(AND(E125>0, OR(F125>1, G125>0)), 1, 0 ) )) -> 1 | L125: =IF(B125/C125 > 0.6, 1, IF( AND(E125=2, OR(F125>0, G125>0)), 1, 0 ) ) -> 1 | M125: =IF(B125/C125 > 0.7, 1, IF( AND(E125=2, SUM(F125, G125)>1), 1, 0 ) ) -> 0 | N125: =IF(B125/C125 > 0.8, 1, IF( AND(E125=2, SUM(F125, G125)>3), 1, 0 ) ) -> 0 | O125: =IF(B125/C125 > 0.9, 1, 0) -> 0 | P125: =ROUNDDOWN(B125/C125,0) -> 0 | U125: 1 | V125: 1 | W125: 1 | X125: 1 | Y125: 0 | Z125: 0 | AA125: 1 | AB125: 0
B126: =(SUM(U126:AB126)) -> 4 | C126: =(COUNT(U126:AB126)) -> 8 | D126: =ROUNDUP( MAX( IF(P126,100, IF(O126,80, IF(N126,70, IF(M126,60, IF(L126,55, IF(K126,50, IF(J126,45, IF(I126,35, IF(H126,25, 0))))))))), 100 * B126/C126 ) * 10 / 100,0) -> 6 | E126: =SUM(U126, Z126) -> 2 | F126: =SUM(V126, W126, X126) -> 1 | G126: =SUM(Y126, AA126, AB126) -> 1 | H126: =IF(B126>0,1,0) -> 1 | I126: =IF( B126/C126 > 0.2, 1, IF(E126>0, 1, 0) ) -> 1 | J126: =IF( B126/C126 > 0.4, 1, IF( E126=2, 1, IF(AND(E126>0, OR(F126>0, G126>0)), 1, 0 ) )) -> 1 | K126: =IF(B126/C126 > 0.5, 1, IF( E126=2, 1, IF(AND(E126>0, OR(F126>1, G126>0)), 1, 0 ) )) -> 1 | L126: =IF(B126/C126 > 0.6, 1, IF( AND(E126=2, OR(F126>0, G126>0)), 1, 0 ) ) -> 1 | M126: =IF(B126/C126 > 0.7, 1, IF( AND(E126=2, SUM(F126, G126)>1), 1, 0 ) ) -> 1 | N126: =IF(B126/C126 > 0.8, 1, IF( AND(E126=2, SUM(F126, G126)>3), 1, 0 ) ) -> 0 | O126: =IF(B126/C126 > 0.9, 1, 0) -> 0 | P126: =ROUNDDOWN(B126/C126,0) -> 0 | U126: 1 | V126: 1 | W126: 0 | X126: 0 | Y126: 1 | Z126: 1 | AA126: 0 | AB126: 0
B127: =(SUM(U127:AB127)) -> 4 | C127: =(COUNT(U127:AB127)) -> 8 | D127: =ROUNDUP( MAX( IF(P127,100, IF(O127,80, IF(N127,70, IF(M127,60, IF(L127,55, IF(K127,50, IF(J127,45, IF(I127,35, IF(H127,25, 0))))))))), 100 * B127/C127 ) * 10 / 100,0) -> 6 | E127: =SUM(U127, Z127) -> 2 | F127: =SUM(V127, W127, X127) -> 1 | G127: =SUM(Y127, AA127, AB127) -> 1 | H127: =IF(B127>0,1,0) -> 1 | I127: =IF( B127/C127 > 0.2, 1, IF(E127>0, 1, 0) ) -> 1 | J127: =IF( B127/C127 > 0.4, 1, IF( E127=2, 1, IF(AND(E127>0, OR(F127>0, G127>0)), 1, 0 ) )) -> 1 | K127: =IF(B127/C127 > 0.5, 1, IF( E127=2, 1, IF(AND(E127>0, OR(F127>1, G127>0)), 1, 0 ) )) -> 1 | L127: =IF(B127/C127 > 0.6, 1, IF( AND(E127=2, OR(F127>0, G127>0)), 1, 0 ) ) -> 1 | M127: =IF(B127/C127 > 0.7, 1, IF( AND(E127=2, SUM(F127, G127)>1), 1, 0 ) ) -> 1 | N127: =IF(B127/C127 > 0.8, 1, IF( AND(E127=2, SUM(F127, G127)>3), 1, 0 ) ) -> 0 | O127: =IF(B127/C127 > 0.9, 1, 0) -> 0 | P127: =ROUNDDOWN(B127/C127,0) -> 0 | U127: 1 | V127: 0 | W127: 0 | X127: 1 | Y127: 0 | Z127: 1 | AA127: 1 | AB127: 0
B128: =(SUM(U128:AB128)) -> 6 | C128: =(COUNT(U128:AB128)) -> 8 | D128: =ROUNDUP( MAX( IF(P128,100, IF(O128,80, IF(N128,70, IF(M128,60, IF(L128,55, IF(K128,50, IF(J128,45, IF(I128,35, IF(H128,25, 0))))))))), 100 * B128/C128 ) * 10 / 100,0) -> 8 | E128: =SUM(U128, Z128) -> 2 | F128: =SUM(V128, W128, X128) -> 2 | G128: =SUM(Y128, AA128, AB128) -> 2 | H128: =IF(B128>0,1,0) -> 1 | I128: =IF( B128/C128 > 0.2, 1, IF(E128>0, 1, 0) ) -> 1 | J128: =IF( B128/C128 > 0.4, 1, IF( E128=2, 1, IF(AND(E128>0, OR(F128>0, G128>0)), 1, 0 ) )) -> 1 | K128: =IF(B128/C128 > 0.5, 1, IF( E128=2, 1, IF(AND(E128>0, OR(F128>1, G128>0)), 1, 0 ) )) -> 1 | L128: =IF(B128/C128 > 0.6, 1, IF( AND(E128=2, OR(F128>0, G128>0)), 1, 0 ) ) -> 1 | M128: =IF(B128/C128 > 0.7, 1, IF( AND(E128=2, SUM(F128, G128)>1), 1, 0 ) ) -> 1 | N128: =IF(B128/C128 > 0.8, 1, IF( AND(E128=2, SUM(F128, G128)>3), 1, 0 ) ) -> 1 | O128: =IF(B128/C128 > 0.9, 1, 0) -> 0 | P128: =ROUNDDOWN(B128/C128,0) -> 0 | U128: 1 | V128: 1 | W128: 1 | X128: 0 | Y128: 1 | Z128: 1 | AA128: 1 | AB128: 0
B129: =(SUM(U129:AB129)) -> 5 | C129: =(COUNT(U129:AB129)) -> 8 | D129: =ROUNDUP( MAX( IF(P129,100, IF(O129,80, IF(N129,70, IF(M129,60, IF(L129,55, IF(K129,50, IF(J129,45, IF(I129,35, IF(H129,25, 0))))))))), 100 * B129/C129 ) * 10 / 100,0) -> 7 | E129: =SUM(U129, Z129) -> 1 | F129: =SUM(V129, W129, X129) -> 2 | G129: =SUM(Y129, AA129, AB129) -> 2 | H129: =IF(B129>0,1,0) -> 1 | I129: =IF( B129/C129 > 0.2, 1, IF(E129>0, 1, 0) ) -> 1 | J129: =IF( B129/C129 > 0.4, 1, IF( E129=2, 1, IF(AND(E129>0, OR(F129>0, G129>0)), 1, 0 ) )) -> 1 | K129: =IF(B129/C129 > 0.5, 1, IF( E129=2, 1, IF(AND(E129>0, OR(F129>1, G129>0)), 1, 0 ) )) -> 1 | L129: =IF(B129/C129 > 0.6, 1, IF( AND(E129=2, OR(F129>0, G129>0)), 1, 0 ) ) -> 1 | M129: =IF(B129/C129 > 0.7, 1, IF( AND(E129=2, SUM(F129, G129)>1), 1, 0 ) ) -> 0 | N129: =IF(B129/C129 > 0.8, 1, IF( AND(E129=2, SUM(F129, G129)>3), 1, 0 ) ) -> 0 | O129: =IF(B129/C129 > 0.9, 1, 0) -> 0 | P129: =ROUNDDOWN(B129/C129,0) -> 0 | U129: 1 | V129: 1 | W129: 0 | X129: 1 | Y129: 1 | Z129: 0 | AA129: 1 | AB129: 0
B130: =(SUM(U130:AB130)) -> 5 | C130: =(COUNT(U130:AB130)) -> 8 | D130: =ROUNDUP( MAX( IF(P130,100, IF(O130,80, IF(N130,70, IF(M130,60, IF(L130,55, IF(K130,50, IF(J130,45, IF(I130,35, IF(H130,25, 0))))))))), 100 * B130/C130 ) * 10 / 100,0) -> 7 | E130: =SUM(U130, Z130) -> 2 | F130: =SUM(V130, W130, X130) -> 2 | G130: =SUM(Y130, AA130, AB130) -> 1 | H130: =IF(B130>0,1,0) -> 1 | I130: =IF( B130/C130 > 0.2, 1, IF(E130>0, 1, 0) ) -> 1 | J130: =IF( B130/C130 > 0.4, 1, IF( E130=2, 1, IF(AND(E130>0, OR(F130>0, G130>0)), 1, 0 ) )) -> 1 | K130: =IF(B130/C130 > 0.5, 1, IF( E130=2, 1, IF(AND(E130>0, OR(F130>1, G130>0)), 1, 0 ) )) -> 1 | L130: =IF(B130/C130 > 0.6, 1, IF( AND(E130=2, OR(F130>0, G130>0)), 1, 0 ) ) -> 1 | M130: =IF(B130/C130 > 0.7, 1, IF( AND(E130=2, SUM(F130, G130)>1), 1, 0 ) ) -> 1 | N130: =IF(B130/C130 > 0.8, 1, IF( AND(E130=2, SUM(F130, G130)>3), 1, 0 ) ) -> 0 | O130: =IF(B130/C130 > 0.9, 1, 0) -> 0 | P130: =ROUNDDOWN(B130/C130,0) -> 0 | U130: 1 | V130: 0 | W130: 1 | X130: 1 | Y130: 1 | Z130: 1 | AA130: 0 | AB130: 0
B131: =(SUM(U131:AB131)) -> 3 | C131: =(COUNT(U131:AB131)) -> 8 | D131: =ROUNDUP( MAX( IF(P131,100, IF(O131,80, IF(N131,70, IF(M131,60, IF(L131,55, IF(K131,50, IF(J131,45, IF(I131,35, IF(H131,25, 0))))))))), 100 * B131/C131 ) * 10 / 100,0) -> 5 | E131: =SUM(U131, Z131) -> 1 | F131: =SUM(V131, W131, X131) -> 2 | G131: =SUM(Y131, AA131, AB131) -> 0 | H131: =IF(B131>0,1,0) -> 1 | I131: =IF( B131/C131 > 0.2, 1, IF(E131>0, 1, 0) ) -> 1 | J131: =IF( B131/C131 > 0.4, 1, IF( E131=2, 1, IF(AND(E131>0, OR(F131>0, G131>0)), 1, 0 ) )) -> 1 | K131: =IF(B131/C131 > 0.5, 1, IF( E131=2, 1, IF(AND(E131>0, OR(F131>1, G131>0)), 1, 0 ) )) -> 1 | L131: =IF(B131/C131 > 0.6, 1, IF( AND(E131=2, OR(F131>0, G131>0)), 1, 0 ) ) -> 0 | M131: =IF(B131/C131 > 0.7, 1, IF( AND(E131=2, SUM(F131, G131)>1), 1, 0 ) ) -> 0 | N131: =IF(B131/C131 > 0.8, 1, IF( AND(E131=2, SUM(F131, G131)>3), 1, 0 ) ) -> 0 | O131: =IF(B131/C131 > 0.9, 1, 0) -> 0 | P131: =ROUNDDOWN(B131/C131,0) -> 0 | U131: 1 | V131: 1 | W131: 0 | X131: 1 | Y131: 0 | Z131: 0 | AA131: 0 | AB131: 0
B132: =(SUM(U132:AB132)) -> 5 | C132: =(COUNT(U132:AB132)) -> 8 | D132: =ROUNDUP( MAX( IF(P132,100, IF(O132,80, IF(N132,70, IF(M132,60, IF(L132,55, IF(K132,50, IF(J132,45, IF(I132,35, IF(H132,25, 0))))))))), 100 * B132/C132 ) * 10 / 100,0) -> 7 | E132: =SUM(U132, Z132) -> 2 | F132: =SUM(V132, W132, X132) -> 2 | G132: =SUM(Y132, AA132, AB132) -> 1 | H132: =IF(B132>0,1,0) -> 1 | I132: =IF( B132/C132 > 0.2, 1, IF(E132>0, 1, 0) ) -> 1 | J132: =IF( B132/C132 > 0.4, 1, IF( E132=2, 1, IF(AND(E132>0, OR(F132>0, G132>0)), 1, 0 ) )) -> 1 | K132: =IF(B132/C132 > 0.5, 1, IF( E132=2, 1, IF(AND(E132>0, OR(F132>1, G132>0)), 1, 0 ) )) -> 1 | L132: =IF(B132/C132 > 0.6, 1, IF( AND(E132=2, OR(F132>0, G132>0)), 1, 0 ) ) -> 1 | M132: =IF(B132/C132 > 0.7, 1, IF( AND(E132=2, SUM(F132, G132)>1), 1, 0 ) ) -> 1 | N132: =IF(B132/C132 > 0.8, 1, IF( AND(E132=2, SUM(F132, G132)>3), 1, 0 ) ) -> 0 | O132: =IF(B132/C132 > 0.9, 1, 0) -> 0 | P132: =ROUNDDOWN(B132/C132,0) -> 0 | U132: 1 | V132: 0 | W132: 1 | X132: 1 | Y132: 0 | Z132: 1 | AA132: 0 | AB132: 1 | AC132: Good discussion on the complementarity of the two approaches.
B133: =(SUM(U133:AB133)) -> 4 | C133: =(COUNT(U133:AB133)) -> 8 | D133: =ROUNDUP( MAX( IF(P133,100, IF(O133,80, IF(N133,70, IF(M133,60, IF(L133,55, IF(K133,50, IF(J133,45, IF(I133,35, IF(H133,25, 0))))))))), 100 * B133/C133 ) * 10 / 100,0) -> 5 | E133: =SUM(U133, Z133) -> 1 | F133: =SUM(V133, W133, X133) -> 2 | G133: =SUM(Y133, AA133, AB133) -> 1 | H133: =IF(B133>0,1,0) -> 1 | I133: =IF( B133/C133 > 0.2, 1, IF(E133>0, 1, 0) ) -> 1 | J133: =IF( B133/C133 > 0.4, 1, IF( E133=2, 1, IF(AND(E133>0, OR(F133>0, G133>0)), 1, 0 ) )) -> 1 | K133: =IF(B133/C133 > 0.5, 1, IF( E133=2, 1, IF(AND(E133>0, OR(F133>1, G133>0)), 1, 0 ) )) -> 1 | L133: =IF(B133/C133 > 0.6, 1, IF( AND(E133=2, OR(F133>0, G133>0)), 1, 0 ) ) -> 0 | M133: =IF(B133/C133 > 0.7, 1, IF( AND(E133=2, SUM(F133, G133)>1), 1, 0 ) ) -> 0 | N133: =IF(B133/C133 > 0.8, 1, IF( AND(E133=2, SUM(F133, G133)>3), 1, 0 ) ) -> 0 | O133: =IF(B133/C133 > 0.9, 1, 0) -> 0 | P133: =ROUNDDOWN(B133/C133,0) -> 0 | U133: 1 | V133: 1 | W133: 0 | X133: 1 | Y133: 0 | Z133: 0 | AA133: 1 | AB133: 0
B134: =(SUM(U134:AB134)) -> 3 | C134: =(COUNT(U134:AB134)) -> 8 | D134: =ROUNDUP( MAX( IF(P134,100, IF(O134,80, IF(N134,70, IF(M134,60, IF(L134,55, IF(K134,50, IF(J134,45, IF(I134,35, IF(H134,25, 0))))))))), 100 * B134/C134 ) * 10 / 100,0) -> 6 | E134: =SUM(U134, Z134) -> 2 | F134: =SUM(V134, W134, X134) -> 0 | G134: =SUM(Y134, AA134, AB134) -> 1 | H134: =IF(B134>0,1,0) -> 1 | I134: =IF( B134/C134 > 0.2, 1, IF(E134>0, 1, 0) ) -> 1 | J134: =IF( B134/C134 > 0.4, 1, IF( E134=2, 1, IF(AND(E134>0, OR(F134>0, G134>0)), 1, 0 ) )) -> 1 | K134: =IF(B134/C134 > 0.5, 1, IF( E134=2, 1, IF(AND(E134>0, OR(F134>1, G134>0)), 1, 0 ) )) -> 1 | L134: =IF(B134/C134 > 0.6, 1, IF( AND(E134=2, OR(F134>0, G134>0)), 1, 0 ) ) -> 1 | M134: =IF(B134/C134 > 0.7, 1, IF( AND(E134=2, SUM(F134, G134)>1), 1, 0 ) ) -> 0 | N134: =IF(B134/C134 > 0.8, 1, IF( AND(E134=2, SUM(F134, G134)>3), 1, 0 ) ) -> 0 | O134: =IF(B134/C134 > 0.9, 1, 0) -> 0 | P134: =ROUNDDOWN(B134/C134,0) -> 0 | U134: 1 | V134: 0 | W134: 0 | X134: 0 | Y134: 1 | Z134: 1 | AA134: 0 | AB134: 0
B135: =(SUM(U135:AB135)) -> 2 | C135: =(COUNT(U135:AB135)) -> 8 | D135: =ROUNDUP( MAX( IF(P135,100, IF(O135,80, IF(N135,70, IF(M135,60, IF(L135,55, IF(K135,50, IF(J135,45, IF(I135,35, IF(H135,25, 0))))))))), 100 * B135/C135 ) * 10 / 100,0) -> 5 | E135: =SUM(U135, Z135) -> 1 | F135: =SUM(V135, W135, X135) -> 0 | G135: =SUM(Y135, AA135, AB135) -> 1 | H135: =IF(B135>0,1,0) -> 1 | I135: =IF( B135/C135 > 0.2, 1, IF(E135>0, 1, 0) ) -> 1 | J135: =IF( B135/C135 > 0.4, 1, IF( E135=2, 1, IF(AND(E135>0, OR(F135>0, G135>0)), 1, 0 ) )) -> 1 | K135: =IF(B135/C135 > 0.5, 1, IF( E135=2, 1, IF(AND(E135>0, OR(F135>1, G135>0)), 1, 0 ) )) -> 1 | L135: =IF(B135/C135 > 0.6, 1, IF( AND(E135=2, OR(F135>0, G135>0)), 1, 0 ) ) -> 0 | M135: =IF(B135/C135 > 0.7, 1, IF( AND(E135=2, SUM(F135, G135)>1), 1, 0 ) ) -> 0 | N135: =IF(B135/C135 > 0.8, 1, IF( AND(E135=2, SUM(F135, G135)>3), 1, 0 ) ) -> 0 | O135: =IF(B135/C135 > 0.9, 1, 0) -> 0 | P135: =ROUNDDOWN(B135/C135,0) -> 0 | U135: 1 | V135: 0 | W135: 0 | X135: 0 | Y135: 1 | Z135: 0 | AA135: 0 | AB135: 0
B136: =(SUM(U136:AB136)) -> 4 | C136: =(COUNT(U136:AB136)) -> 8 | D136: =ROUNDUP( MAX( IF(P136,100, IF(O136,80, IF(N136,70, IF(M136,60, IF(L136,55, IF(K136,50, IF(J136,45, IF(I136,35, IF(H136,25, 0))))))))), 100 * B136/C136 ) * 10 / 100,0) -> 6 | E136: =SUM(U136, Z136) -> 2 | F136: =SUM(V136, W136, X136) -> 2 | G136: =SUM(Y136, AA136, AB136) -> 0 | H136: =IF(B136>0,1,0) -> 1 | I136: =IF( B136/C136 > 0.2, 1, IF(E136>0, 1, 0) ) -> 1 | J136: =IF( B136/C136 > 0.4, 1, IF( E136=2, 1, IF(AND(E136>0, OR(F136>0, G136>0)), 1, 0 ) )) -> 1 | K136: =IF(B136/C136 > 0.5, 1, IF( E136=2, 1, IF(AND(E136>0, OR(F136>1, G136>0)), 1, 0 ) )) -> 1 | L136: =IF(B136/C136 > 0.6, 1, IF( AND(E136=2, OR(F136>0, G136>0)), 1, 0 ) ) -> 1 | M136: =IF(B136/C136 > 0.7, 1, IF( AND(E136=2, SUM(F136, G136)>1), 1, 0 ) ) -> 1 | N136: =IF(B136/C136 > 0.8, 1, IF( AND(E136=2, SUM(F136, G136)>3), 1, 0 ) ) -> 0 | O136: =IF(B136/C136 > 0.9, 1, 0) -> 0 | P136: =ROUNDDOWN(B136/C136,0) -> 0 | U136: 1 | V136: 1 | W136: 0 | X136: 1 | Y136: 0 | Z136: 1 | AA136: 0 | AB136: 0
B137: =(SUM(U137:AB137)) -> 4 | C137: =(COUNT(U137:AB137)) -> 8 | D137: =ROUNDUP( MAX( IF(P137,100, IF(O137,80, IF(N137,70, IF(M137,60, IF(L137,55, IF(K137,50, IF(J137,45, IF(I137,35, IF(H137,25, 0))))))))), 100 * B137/C137 ) * 10 / 100,0) -> 6 | E137: =SUM(U137, Z137) -> 2 | F137: =SUM(V137, W137, X137) -> 1 | G137: =SUM(Y137, AA137, AB137) -> 1 | H137: =IF(B137>0,1,0) -> 1 | I137: =IF( B137/C137 > 0.2, 1, IF(E137>0, 1, 0) ) -> 1 | J137: =IF( B137/C137 > 0.4, 1, IF( E137=2, 1, IF(AND(E137>0, OR(F137>0, G137>0)), 1, 0 ) )) -> 1 | K137: =IF(B137/C137 > 0.5, 1, IF( E137=2, 1, IF(AND(E137>0, OR(F137>1, G137>0)), 1, 0 ) )) -> 1 | L137: =IF(B137/C137 > 0.6, 1, IF( AND(E137=2, OR(F137>0, G137>0)), 1, 0 ) ) -> 1 | M137: =IF(B137/C137 > 0.7, 1, IF( AND(E137=2, SUM(F137, G137)>1), 1, 0 ) ) -> 1 | N137: =IF(B137/C137 > 0.8, 1, IF( AND(E137=2, SUM(F137, G137)>3), 1, 0 ) ) -> 0 | O137: =IF(B137/C137 > 0.9, 1, 0) -> 0 | P137: =ROUNDDOWN(B137/C137,0) -> 0 | U137: 1 | V137: 1 | W137: 0 | X137: 0 | Y137: 1 | Z137: 1 | AA137: 0 | AB137: 0
B138: =(SUM(U138:AB138)) -> 4 | C138: =(COUNT(U138:AB138)) -> 8 | D138: =ROUNDUP( MAX( IF(P138,100, IF(O138,80, IF(N138,70, IF(M138,60, IF(L138,55, IF(K138,50, IF(J138,45, IF(I138,35, IF(H138,25, 0))))))))), 100 * B138/C138 ) * 10 / 100,0) -> 6 | E138: =SUM(U138, Z138) -> 2 | F138: =SUM(V138, W138, X138) -> 2 | G138: =SUM(Y138, AA138, AB138) -> 0 | H138: =IF(B138>0,1,0) -> 1 | I138: =IF( B138/C138 > 0.2, 1, IF(E138>0, 1, 0) ) -> 1 | J138: =IF( B138/C138 > 0.4, 1, IF( E138=2, 1, IF(AND(E138>0, OR(F138>0, G138>0)), 1, 0 ) )) -> 1 | K138: =IF(B138/C138 > 0.5, 1, IF( E138=2, 1, IF(AND(E138>0, OR(F138>1, G138>0)), 1, 0 ) )) -> 1 | L138: =IF(B138/C138 > 0.6, 1, IF( AND(E138=2, OR(F138>0, G138>0)), 1, 0 ) ) -> 1 | M138: =IF(B138/C138 > 0.7, 1, IF( AND(E138=2, SUM(F138, G138)>1), 1, 0 ) ) -> 1 | N138: =IF(B138/C138 > 0.8, 1, IF( AND(E138=2, SUM(F138, G138)>3), 1, 0 ) ) -> 0 | O138: =IF(B138/C138 > 0.9, 1, 0) -> 0 | P138: =ROUNDDOWN(B138/C138,0) -> 0 | U138: 1 | V138: 1 | W138: 1 | X138: 0 | Y138: 0 | Z138: 1 | AA138: 0 | AB138: 0
B139: =(SUM(U139:AB139)) -> 4 | C139: =(COUNT(U139:AB139)) -> 8 | D139: =ROUNDUP( MAX( IF(P139,100, IF(O139,80, IF(N139,70, IF(M139,60, IF(L139,55, IF(K139,50, IF(J139,45, IF(I139,35, IF(H139,25, 0))))))))), 100 * B139/C139 ) * 10 / 100,0) -> 6 | E139: =SUM(U139, Z139) -> 2 | F139: =SUM(V139, W139, X139) -> 2 | G139: =SUM(Y139, AA139, AB139) -> 0 | H139: =IF(B139>0,1,0) -> 1 | I139: =IF( B139/C139 > 0.2, 1, IF(E139>0, 1, 0) ) -> 1 | J139: =IF( B139/C139 > 0.4, 1, IF( E139=2, 1, IF(AND(E139>0, OR(F139>0, G139>0)), 1, 0 ) )) -> 1 | K139: =IF(B139/C139 > 0.5, 1, IF( E139=2, 1, IF(AND(E139>0, OR(F139>1, G139>0)), 1, 0 ) )) -> 1 | L139: =IF(B139/C139 > 0.6, 1, IF( AND(E139=2, OR(F139>0, G139>0)), 1, 0 ) ) -> 1 | M139: =IF(B139/C139 > 0.7, 1, IF( AND(E139=2, SUM(F139, G139)>1), 1, 0 ) ) -> 1 | N139: =IF(B139/C139 > 0.8, 1, IF( AND(E139=2, SUM(F139, G139)>3), 1, 0 ) ) -> 0 | O139: =IF(B139/C139 > 0.9, 1, 0) -> 0 | P139: =ROUNDDOWN(B139/C139,0) -> 0 | U139: 1 | V139: 1 | W139: 1 | X139: 0 | Y139: 0 | Z139: 1 | AA139: 0 | AB139: 0
B140: =(SUM(U140:AB140)) -> 6 | C140: =(COUNT(U140:AB140)) -> 8 | D140: =ROUNDUP( MAX( IF(P140,100, IF(O140,80, IF(N140,70, IF(M140,60, IF(L140,55, IF(K140,50, IF(J140,45, IF(I140,35, IF(H140,25, 0))))))))), 100 * B140/C140 ) * 10 / 100,0) -> 8 | E140: =SUM(U140, Z140) -> 2 | F140: =SUM(V140, W140, X140) -> 3 | G140: =SUM(Y140, AA140, AB140) -> 1 | H140: =IF(B140>0,1,0) -> 1 | I140: =IF( B140/C140 > 0.2, 1, IF(E140>0, 1, 0) ) -> 1 | J140: =IF( B140/C140 > 0.4, 1, IF( E140=2, 1, IF(AND(E140>0, OR(F140>0, G140>0)), 1, 0 ) )) -> 1 | K140: =IF(B140/C140 > 0.5, 1, IF( E140=2, 1, IF(AND(E140>0, OR(F140>1, G140>0)), 1, 0 ) )) -> 1 | L140: =IF(B140/C140 > 0.6, 1, IF( AND(E140=2, OR(F140>0, G140>0)), 1, 0 ) ) -> 1 | M140: =IF(B140/C140 > 0.7, 1, IF( AND(E140=2, SUM(F140, G140)>1), 1, 0 ) ) -> 1 | N140: =IF(B140/C140 > 0.8, 1, IF( AND(E140=2, SUM(F140, G140)>3), 1, 0 ) ) -> 1 | O140: =IF(B140/C140 > 0.9, 1, 0) -> 0 | P140: =ROUNDDOWN(B140/C140,0) -> 0 | U140: 1 | V140: 1 | W140: 1 | X140: 1 | Y140: 0 | Z140: 1 | AA140: 0 | AB140: 1 | AC140: Good job mentioning a specific case where L1-L2 combination might be helpful.
B141: =(SUM(U141:AB141)) -> 2 | C141: =(COUNT(U141:AB141)) -> 8 | D141: =ROUNDUP( MAX( IF(P141,100, IF(O141,80, IF(N141,70, IF(M141,60, IF(L141,55, IF(K141,50, IF(J141,45, IF(I141,35, IF(H141,25, 0))))))))), 100 * B141/C141 ) * 10 / 100,0) -> 5 | E141: =SUM(U141, Z141) -> 2 | F141: =SUM(V141, W141, X141) -> 0 | G141: =SUM(Y141, AA141, AB141) -> 0 | H141: =IF(B141>0,1,0) -> 1 | I141: =IF( B141/C141 > 0.2, 1, IF(E141>0, 1, 0) ) -> 1 | J141: =IF( B141/C141 > 0.4, 1, IF( E141=2, 1, IF(AND(E141>0, OR(F141>0, G141>0)), 1, 0 ) )) -> 1 | K141: =IF(B141/C141 > 0.5, 1, IF( E141=2, 1, IF(AND(E141>0, OR(F141>1, G141>0)), 1, 0 ) )) -> 1 | L141: =IF(B141/C141 > 0.6, 1, IF( AND(E141=2, OR(F141>0, G141>0)), 1, 0 ) ) -> 0 | M141: =IF(B141/C141 > 0.7, 1, IF( AND(E141=2, SUM(F141, G141)>1), 1, 0 ) ) -> 0 | N141: =IF(B141/C141 > 0.8, 1, IF( AND(E141=2, SUM(F141, G141)>3), 1, 0 ) ) -> 0 | O141: =IF(B141/C141 > 0.9, 1, 0) -> 0 | P141: =ROUNDDOWN(B141/C141,0) -> 0 | U141: 1 | V141: 0 | W141: 0 | X141: 0 | Y141: 0 | Z141: 1 | AA141: 0 | AB141: 0
B142: =(SUM(U142:AB142)) -> 5 | C142: =(COUNT(U142:AB142)) -> 8 | D142: =ROUNDUP( MAX( IF(P142,100, IF(O142,80, IF(N142,70, IF(M142,60, IF(L142,55, IF(K142,50, IF(J142,45, IF(I142,35, IF(H142,25, 0))))))))), 100 * B142/C142 ) * 10 / 100,0) -> 7 | E142: =SUM(U142, Z142) -> 2 | F142: =SUM(V142, W142, X142) -> 3 | G142: =SUM(Y142, AA142, AB142) -> 0 | H142: =IF(B142>0,1,0) -> 1 | I142: =IF( B142/C142 > 0.2, 1, IF(E142>0, 1, 0) ) -> 1 | J142: =IF( B142/C142 > 0.4, 1, IF( E142=2, 1, IF(AND(E142>0, OR(F142>0, G142>0)), 1, 0 ) )) -> 1 | K142: =IF(B142/C142 > 0.5, 1, IF( E142=2, 1, IF(AND(E142>0, OR(F142>1, G142>0)), 1, 0 ) )) -> 1 | L142: =IF(B142/C142 > 0.6, 1, IF( AND(E142=2, OR(F142>0, G142>0)), 1, 0 ) ) -> 1 | M142: =IF(B142/C142 > 0.7, 1, IF( AND(E142=2, SUM(F142, G142)>1), 1, 0 ) ) -> 1 | N142: =IF(B142/C142 > 0.8, 1, IF( AND(E142=2, SUM(F142, G142)>3), 1, 0 ) ) -> 0 | O142: =IF(B142/C142 > 0.9, 1, 0) -> 0 | P142: =ROUNDDOWN(B142/C142,0) -> 0 | U142: 1 | V142: 1 | W142: 1 | X142: 1 | Y142: 0 | Z142: 1 | AA142: 0 | AB142: 0
B143: =(SUM(U143:AB143)) -> 2 | C143: =(COUNT(U143:AB143)) -> 8 | D143: =ROUNDUP( MAX( IF(P143,100, IF(O143,80, IF(N143,70, IF(M143,60, IF(L143,55, IF(K143,50, IF(J143,45, IF(I143,35, IF(H143,25, 0))))))))), 100 * B143/C143 ) * 10 / 100,0) -> 5 | E143: =SUM(U143, Z143) -> 2 | F143: =SUM(V143, W143, X143) -> 0 | G143: =SUM(Y143, AA143, AB143) -> 0 | H143: =IF(B143>0,1,0) -> 1 | I143: =IF( B143/C143 > 0.2, 1, IF(E143>0, 1, 0) ) -> 1 | J143: =IF( B143/C143 > 0.4, 1, IF( E143=2, 1, IF(AND(E143>0, OR(F143>0, G143>0)), 1, 0 ) )) -> 1 | K143: =IF(B143/C143 > 0.5, 1, IF( E143=2, 1, IF(AND(E143>0, OR(F143>1, G143>0)), 1, 0 ) )) -> 1 | L143: =IF(B143/C143 > 0.6, 1, IF( AND(E143=2, OR(F143>0, G143>0)), 1, 0 ) ) -> 0 | M143: =IF(B143/C143 > 0.7, 1, IF( AND(E143=2, SUM(F143, G143)>1), 1, 0 ) ) -> 0 | N143: =IF(B143/C143 > 0.8, 1, IF( AND(E143=2, SUM(F143, G143)>3), 1, 0 ) ) -> 0 | O143: =IF(B143/C143 > 0.9, 1, 0) -> 0 | P143: =ROUNDDOWN(B143/C143,0) -> 0 | U143: 1 | V143: 0 | W143: 0 | X143: 0 | Y143: 0 | Z143: 1 | AA143: 0 | AB143: 0
B144: =(SUM(U144:AB144)) -> 5 | C144: =(COUNT(U144:AB144)) -> 8 | D144: =ROUNDUP( MAX( IF(P144,100, IF(O144,80, IF(N144,70, IF(M144,60, IF(L144,55, IF(K144,50, IF(J144,45, IF(I144,35, IF(H144,25, 0))))))))), 100 * B144/C144 ) * 10 / 100,0) -> 7 | E144: =SUM(U144, Z144) -> 2 | F144: =SUM(V144, W144, X144) -> 2 | G144: =SUM(Y144, AA144, AB144) -> 1 | H144: =IF(B144>0,1,0) -> 1 | I144: =IF( B144/C144 > 0.2, 1, IF(E144>0, 1, 0) ) -> 1 | J144: =IF( B144/C144 > 0.4, 1, IF( E144=2, 1, IF(AND(E144>0, OR(F144>0, G144>0)), 1, 0 ) )) -> 1 | K144: =IF(B144/C144 > 0.5, 1, IF( E144=2, 1, IF(AND(E144>0, OR(F144>1, G144>0)), 1, 0 ) )) -> 1 | L144: =IF(B144/C144 > 0.6, 1, IF( AND(E144=2, OR(F144>0, G144>0)), 1, 0 ) ) -> 1 | M144: =IF(B144/C144 > 0.7, 1, IF( AND(E144=2, SUM(F144, G144)>1), 1, 0 ) ) -> 1 | N144: =IF(B144/C144 > 0.8, 1, IF( AND(E144=2, SUM(F144, G144)>3), 1, 0 ) ) -> 0 | O144: =IF(B144/C144 > 0.9, 1, 0) -> 0 | P144: =ROUNDDOWN(B144/C144,0) -> 0 | U144: 1 | V144: 1 | W144: 1 | X144: 0 | Y144: 1 | Z144: 1 | AA144: 0 | AB144: 0
B145: =(SUM(U145:AB145)) -> 8 | C145: =(COUNT(U145:AB145)) -> 8 | D145: =ROUNDUP( MAX( IF(P145,100, IF(O145,80, IF(N145,70, IF(M145,60, IF(L145,55, IF(K145,50, IF(J145,45, IF(I145,35, IF(H145,25, 0))))))))), 100 * B145/C145 ) * 10 / 100,0) -> 10 | E145: =SUM(U145, Z145) -> 2 | F145: =SUM(V145, W145, X145) -> 3 | G145: =SUM(Y145, AA145, AB145) -> 3 | H145: =IF(B145>0,1,0) -> 1 | I145: =IF( B145/C145 > 0.2, 1, IF(E145>0, 1, 0) ) -> 1 | J145: =IF( B145/C145 > 0.4, 1, IF( E145=2, 1, IF(AND(E145>0, OR(F145>0, G145>0)), 1, 0 ) )) -> 1 | K145: =IF(B145/C145 > 0.5, 1, IF( E145=2, 1, IF(AND(E145>0, OR(F145>1, G145>0)), 1, 0 ) )) -> 1 | L145: =IF(B145/C145 > 0.6, 1, IF( AND(E145=2, OR(F145>0, G145>0)), 1, 0 ) ) -> 1 | M145: =IF(B145/C145 > 0.7, 1, IF( AND(E145=2, SUM(F145, G145)>1), 1, 0 ) ) -> 1 | N145: =IF(B145/C145 > 0.8, 1, IF( AND(E145=2, SUM(F145, G145)>3), 1, 0 ) ) -> 1 | O145: =IF(B145/C145 > 0.9, 1, 0) -> 1 | P145: =ROUNDDOWN(B145/C145,0) -> 1 | U145: 1 | V145: 1 | W145: 1 | X145: 1 | Y145: 1 | Z145: 1 | AA145: 1 | AB145: 1 | AC145: Good job mentioning how we can find the optimal set of hyper-parameters.
B146: =(SUM(U146:AB146)) -> 5 | C146: =(COUNT(U146:AB146)) -> 8 | D146: =ROUNDUP( MAX( IF(P146,100, IF(O146,80, IF(N146,70, IF(M146,60, IF(L146,55, IF(K146,50, IF(J146,45, IF(I146,35, IF(H146,25, 0))))))))), 100 * B146/C146 ) * 10 / 100,0) -> 7 | E146: =SUM(U146, Z146) -> 2 | F146: =SUM(V146, W146, X146) -> 3 | G146: =SUM(Y146, AA146, AB146) -> 0 | H146: =IF(B146>0,1,0) -> 1 | I146: =IF( B146/C146 > 0.2, 1, IF(E146>0, 1, 0) ) -> 1 | J146: =IF( B146/C146 > 0.4, 1, IF( E146=2, 1, IF(AND(E146>0, OR(F146>0, G146>0)), 1, 0 ) )) -> 1 | K146: =IF(B146/C146 > 0.5, 1, IF( E146=2, 1, IF(AND(E146>0, OR(F146>1, G146>0)), 1, 0 ) )) -> 1 | L146: =IF(B146/C146 > 0.6, 1, IF( AND(E146=2, OR(F146>0, G146>0)), 1, 0 ) ) -> 1 | M146: =IF(B146/C146 > 0.7, 1, IF( AND(E146=2, SUM(F146, G146)>1), 1, 0 ) ) -> 1 | N146: =IF(B146/C146 > 0.8, 1, IF( AND(E146=2, SUM(F146, G146)>3), 1, 0 ) ) -> 0 | O146: =IF(B146/C146 > 0.9, 1, 0) -> 0 | P146: =ROUNDDOWN(B146/C146,0) -> 0 | U146: 1 | V146: 1 | W146: 1 | X146: 1 | Y146: 0 | Z146: 1 | AA146: 0 | AB146: 0
B147: =(SUM(U147:AB147)) -> 2 | C147: =(COUNT(U147:AB147)) -> 8 | D147: =ROUNDUP( MAX( IF(P147,100, IF(O147,80, IF(N147,70, IF(M147,60, IF(L147,55, IF(K147,50, IF(J147,45, IF(I147,35, IF(H147,25, 0))))))))), 100 * B147/C147 ) * 10 / 100,0) -> 5 | E147: =SUM(U147, Z147) -> 2 | F147: =SUM(V147, W147, X147) -> 0 | G147: =SUM(Y147, AA147, AB147) -> 0 | H147: =IF(B147>0,1,0) -> 1 | I147: =IF( B147/C147 > 0.2, 1, IF(E147>0, 1, 0) ) -> 1 | J147: =IF( B147/C147 > 0.4, 1, IF( E147=2, 1, IF(AND(E147>0, OR(F147>0, G147>0)), 1, 0 ) )) -> 1 | K147: =IF(B147/C147 > 0.5, 1, IF( E147=2, 1, IF(AND(E147>0, OR(F147>1, G147>0)), 1, 0 ) )) -> 1 | L147: =IF(B147/C147 > 0.6, 1, IF( AND(E147=2, OR(F147>0, G147>0)), 1, 0 ) ) -> 0 | M147: =IF(B147/C147 > 0.7, 1, IF( AND(E147=2, SUM(F147, G147)>1), 1, 0 ) ) -> 0 | N147: =IF(B147/C147 > 0.8, 1, IF( AND(E147=2, SUM(F147, G147)>3), 1, 0 ) ) -> 0 | O147: =IF(B147/C147 > 0.9, 1, 0) -> 0 | P147: =ROUNDDOWN(B147/C147,0) -> 0 | U147: 1 | V147: 0 | W147: 0 | X147: 0 | Y147: 0 | Z147: 1 | AA147: 0 | AB147: 0
B148: =(SUM(U148:AB148)) -> 4 | C148: =(COUNT(U148:AB148)) -> 8 | D148: =ROUNDUP( MAX( IF(P148,100, IF(O148,80, IF(N148,70, IF(M148,60, IF(L148,55, IF(K148,50, IF(J148,45, IF(I148,35, IF(H148,25, 0))))))))), 100 * B148/C148 ) * 10 / 100,0) -> 6 | E148: =SUM(U148, Z148) -> 2 | F148: =SUM(V148, W148, X148) -> 1 | G148: =SUM(Y148, AA148, AB148) -> 1 | H148: =IF(B148>0,1,0) -> 1 | I148: =IF( B148/C148 > 0.2, 1, IF(E148>0, 1, 0) ) -> 1 | J148: =IF( B148/C148 > 0.4, 1, IF( E148=2, 1, IF(AND(E148>0, OR(F148>0, G148>0)), 1, 0 ) )) -> 1 | K148: =IF(B148/C148 > 0.5, 1, IF( E148=2, 1, IF(AND(E148>0, OR(F148>1, G148>0)), 1, 0 ) )) -> 1 | L148: =IF(B148/C148 > 0.6, 1, IF( AND(E148=2, OR(F148>0, G148>0)), 1, 0 ) ) -> 1 | M148: =IF(B148/C148 > 0.7, 1, IF( AND(E148=2, SUM(F148, G148)>1), 1, 0 ) ) -> 1 | N148: =IF(B148/C148 > 0.8, 1, IF( AND(E148=2, SUM(F148, G148)>3), 1, 0 ) ) -> 0 | O148: =IF(B148/C148 > 0.9, 1, 0) -> 0 | P148: =ROUNDDOWN(B148/C148,0) -> 0 | U148: 1 | V148: 1 | W148: 0 | X148: 0 | Y148: 1 | Z148: 1 | AA148: 0 | AB148: 0
B149: =(SUM(U149:AB149)) -> 5 | C149: =(COUNT(U149:AB149)) -> 8 | D149: =ROUNDUP( MAX( IF(P149,100, IF(O149,80, IF(N149,70, IF(M149,60, IF(L149,55, IF(K149,50, IF(J149,45, IF(I149,35, IF(H149,25, 0))))))))), 100 * B149/C149 ) * 10 / 100,0) -> 7 | E149: =SUM(U149, Z149) -> 2 | F149: =SUM(V149, W149, X149) -> 1 | G149: =SUM(Y149, AA149, AB149) -> 2 | H149: =IF(B149>0,1,0) -> 1 | I149: =IF( B149/C149 > 0.2, 1, IF(E149>0, 1, 0) ) -> 1 | J149: =IF( B149/C149 > 0.4, 1, IF( E149=2, 1, IF(AND(E149>0, OR(F149>0, G149>0)), 1, 0 ) )) -> 1 | K149: =IF(B149/C149 > 0.5, 1, IF( E149=2, 1, IF(AND(E149>0, OR(F149>1, G149>0)), 1, 0 ) )) -> 1 | L149: =IF(B149/C149 > 0.6, 1, IF( AND(E149=2, OR(F149>0, G149>0)), 1, 0 ) ) -> 1 | M149: =IF(B149/C149 > 0.7, 1, IF( AND(E149=2, SUM(F149, G149)>1), 1, 0 ) ) -> 1 | N149: =IF(B149/C149 > 0.8, 1, IF( AND(E149=2, SUM(F149, G149)>3), 1, 0 ) ) -> 0 | O149: =IF(B149/C149 > 0.9, 1, 0) -> 0 | P149: =ROUNDDOWN(B149/C149,0) -> 0 | U149: 1 | V149: 1 | W149: 0 | X149: 0 | Y149: 1 | Z149: 1 | AA149: 0 | AB149: 1 | AC149: Good job mentioning computational benefits.
...

Sheet Summary
C5: /100 | D5: =#REF! -> #REF! | E5: ='Task 2a - Mitigating the Proble'!D215 -> /10 | F5: =#REF! -> #REF! | G5: =#REF! -> #REF! | H5: =#REF! -> #REF!
A6: Marker | B6: Student UUN | C6: Total | D6: Task 1 | E6: Task 2a | F6: Task 2b | G6: Task 2c | H6: Task 3
A7: =#REF! -> #REF! | B7: =#REF! -> #REF! | C7: =SUM(D7:H7) -> #REF! | D7: =#REF! -> #REF! | E7: ='Task 2a - Mitigating the Proble'!D7 -> 7 | F7: =#REF! -> #REF! | G7: =#REF! -> #REF! | H7: =#REF! -> #REF!
A8: =#REF! -> #REF! | B8: =#REF! -> #REF! | C8: 50 | D8: =#REF! -> #REF! | E8: ='Task 2a - Mitigating the Proble'!D8 -> 5 | F8: =#REF! -> #REF! | G8: =#REF! -> #REF! | H8: =#REF! -> #REF! | J8: Was 47. Edited for effort.
A9: =#REF! -> #REF! | B9: =#REF! -> #REF! | C9: =SUM(D9:H9) -> #REF! | D9: =#REF! -> #REF! | E9: ='Task 2a - Mitigating the Proble'!D9 -> 6 | F9: =#REF! -> #REF! | G9: =#REF! -> #REF! | H9: =#REF! -> #REF!
A10: =#REF! -> #REF! | B10: =#REF! -> #REF! | C10: =SUM(D10:H10) -> #REF! | D10: =#REF! -> #REF! | E10: ='Task 2a - Mitigating the Proble'!D10 -> 5 | F10: =#REF! -> #REF! | G10: =#REF! -> #REF! | H10: =#REF! -> #REF!
A11: =#REF! -> #REF! | B11: =#REF! -> #REF! | C11: =SUM(D11:H11) -> #REF! | D11: =#REF! -> #REF! | E11: ='Task 2a - Mitigating the Proble'!D11 -> 6 | F11: =#REF! -> #REF! | G11: =#REF! -> #REF! | H11: =#REF! -> #REF!
A12: =#REF! -> #REF! | B12: =#REF! -> #REF! | C12: =SUM(D12:H12) -> #REF! | D12: =#REF! -> #REF! | E12: ='Task 2a - Mitigating the Proble'!D12 -> 7 | F12: =#REF! -> #REF! | G12: =#REF! -> #REF! | H12: =#REF! -> #REF!
A13: =#REF! -> #REF! | B13: =#REF! -> #REF! | C13: =SUM(D13:H13) -> #REF! | D13: =#REF! -> #REF! | E13: ='Task 2a - Mitigating the Proble'!D13 -> 7 | F13: =#REF! -> #REF! | G13: =#REF! -> #REF! | H13: =#REF! -> #REF!
A14: =#REF! -> #REF! | B14: =#REF! -> #REF! | C14: =SUM(D14:H14) -> #REF! | D14: =#REF! -> #REF! | E14: ='Task 2a - Mitigating the Proble'!D14 -> 5 | F14: =#REF! -> #REF! | G14: =#REF! -> #REF! | H14: =#REF! -> #REF!
A15: =#REF! -> #REF! | B15: =#REF! -> #REF! | C15: =SUM(D15:H15) -> #REF! | D15: =#REF! -> #REF! | E15: ='Task 2a - Mitigating the Proble'!D15 -> 5 | F15: =#REF! -> #REF! | G15: =#REF! -> #REF! | H15: =#REF! -> #REF!
A16: =#REF! -> #REF! | B16: =#REF! -> #REF! | C16: =SUM(D16:H16) -> #REF! | D16: =#REF! -> #REF! | E16: ='Task 2a - Mitigating the Proble'!D16 -> 6 | F16: =#REF! -> #REF! | G16: =#REF! -> #REF! | H16: =#REF! -> #REF!
A17: =#REF! -> #REF! | B17: =#REF! -> #REF! | C17: 40 | D17: =#REF! -> #REF! | E17: ='Task 2a - Mitigating the Proble'!D17 -> 5 | F17: =#REF! -> #REF! | G17: =#REF! -> #REF! | H17: =#REF! -> #REF! | J17: Was 24. Edited for effort.
A18: =#REF! -> #REF! | B18: =#REF! -> #REF! | C18: =SUM(D18:H18) -> #REF! | D18: =#REF! -> #REF! | E18: ='Task 2a - Mitigating the Proble'!D18 -> 7 | F18: =#REF! -> #REF! | G18: =#REF! -> #REF! | H18: =#REF! -> #REF!
A19: =#REF! -> #REF! | B19: =#REF! -> #REF! | C19: =SUM(D19:H19) -> #REF! | D19: =#REF! -> #REF! | E19: ='Task 2a - Mitigating the Proble'!D19 -> 9 | F19: =#REF! -> #REF! | G19: =#REF! -> #REF! | H19: =#REF! -> #REF!
A20: =#REF! -> #REF! | B20: =#REF! -> #REF! | C20: =SUM(D20:H20) -> #REF! | D20: =#REF! -> #REF! | E20: ='Task 2a - Mitigating the Proble'!D20 -> 6 | F20: =#REF! -> #REF! | G20: =#REF! -> #REF! | H20: =#REF! -> #REF!
A21: =#REF! -> #REF! | B21: =#REF! -> #REF! | C21: =SUM(D21:H21) -> #REF! | D21: =#REF! -> #REF! | E21: ='Task 2a - Mitigating the Proble'!D21 -> 7 | F21: =#REF! -> #REF! | G21: =#REF! -> #REF! | H21: =#REF! -> #REF!
A22: =#REF! -> #REF! | B22: =#REF! -> #REF! | C22: =SUM(D22:H22) -> #REF! | D22: =#REF! -> #REF! | E22: ='Task 2a - Mitigating the Proble'!D22 -> 7 | F22: =#REF! -> #REF! | G22: =#REF! -> #REF! | H22: =#REF! -> #REF!
A23: =#REF! -> #REF! | B23: =#REF! -> #REF! | C23: =SUM(D23:H23) -> #REF! | D23: =#REF! -> #REF! | E23: ='Task 2a - Mitigating the Proble'!D23 -> 6 | F23: =#REF! -> #REF! | G23: =#REF! -> #REF! | H23: =#REF! -> #REF!
A24: =#REF! -> #REF! | B24: =#REF! -> #REF! | C24: =SUM(D24:H24) -> #REF! | D24: =#REF! -> #REF! | E24: ='Task 2a - Mitigating the Proble'!D24 -> 6 | F24: =#REF! -> #REF! | G24: =#REF! -> #REF! | H24: =#REF! -> #REF!
A25: =#REF! -> #REF! | B25: =#REF! -> #REF! | C25: =SUM(D25:H25) -> #REF! | D25: =#REF! -> #REF! | E25: ='Task 2a - Mitigating the Proble'!D25 -> 5 | F25: =#REF! -> #REF! | G25: =#REF! -> #REF! | H25: =#REF! -> #REF!
A26: =#REF! -> #REF! | B26: =#REF! -> #REF! | C26: 50 | D26: =#REF! -> #REF! | E26: ='Task 2a - Mitigating the Proble'!D26 -> 6 | F26: =#REF! -> #REF! | G26: =#REF! -> #REF! | H26: =#REF! -> #REF! | J26: Was 45. Edited for effort.
A27: =#REF! -> #REF! | B27: =#REF! -> #REF! | C27: =SUM(D27:H27) -> #REF! | D27: =#REF! -> #REF! | E27: ='Task 2a - Mitigating the Proble'!D27 -> 6 | F27: =#REF! -> #REF! | G27: =#REF! -> #REF! | H27: =#REF! -> #REF!
A28: =#REF! -> #REF! | B28: =#REF! -> #REF! | C28: =SUM(D28:H28) -> #REF! | D28: =#REF! -> #REF! | E28: ='Task 2a - Mitigating the Proble'!D28 -> 5 | F28: =#REF! -> #REF! | G28: =#REF! -> #REF! | H28: =#REF! -> #REF!
A29: =#REF! -> #REF! | B29: =#REF! -> #REF! | C29: =SUM(D29:H29) -> #REF! | D29: =#REF! -> #REF! | E29: ='Task 2a - Mitigating the Proble'!D29 -> 7 | F29: =#REF! -> #REF! | G29: =#REF! -> #REF! | H29: =#REF! -> #REF!
A30: =#REF! -> #REF! | B30: =#REF! -> #REF! | C30: =SUM(D30:H30) -> #REF! | D30: =#REF! -> #REF! | E30: ='Task 2a - Mitigating the Proble'!D30 -> 5 | F30: =#REF! -> #REF! | G30: =#REF! -> #REF! | H30: =#REF! -> #REF!
A31: =#REF! -> #REF! | B31: =#REF! -> #REF! | C31: =SUM(D31:H31) -> #REF! | D31: =#REF! -> #REF! | E31: ='Task 2a - Mitigating the Proble'!D31 -> 8 | F31: =#REF! -> #REF! | G31: =#REF! -> #REF! | H31: =#REF! -> #REF!
A32: =#REF! -> #REF! | B32: =#REF! -> #REF! | C32: =SUM(D32:H32) -> #REF! | D32: =#REF! -> #REF! | E32: ='Task 2a - Mitigating the Proble'!D32 -> 6 | F32: =#REF! -> #REF! | G32: =#REF! -> #REF! | H32: =#REF! -> #REF!
A33: =#REF! -> #REF! | B33: =#REF! -> #REF! | C33: =SUM(D33:H33) -> #REF! | D33: =#REF! -> #REF! | E33: ='Task 2a - Mitigating the Proble'!D33 -> 8 | F33: =#REF! -> #REF! | G33: =#REF! -> #REF! | H33: =#REF! -> #REF!
A34: =#REF! -> #REF! | B34: =#REF! -> #REF! | C34: =SUM(D34:H34) -> #REF! | D34: =#REF! -> #REF! | E34: ='Task 2a - Mitigating the Proble'!D34 -> 6 | F34: =#REF! -> #REF! | G34: =#REF! -> #REF! | H34: =#REF! -> #REF!
A35: =#REF! -> #REF! | B35: =#REF! -> #REF! | C35: =SUM(D35:H35) -> #REF! | D35: =#REF! -> #REF! | E35: ='Task 2a - Mitigating the Proble'!D35 -> 7 | F35: =#REF! -> #REF! | G35: =#REF! -> #REF! | H35: =#REF! -> #REF!
A36: =#REF! -> #REF! | B36: =#REF! -> #REF! | C36: 45 | D36: =#REF! -> #REF! | E36: ='Task 2a - Mitigating the Proble'!D36 -> 6 | F36: =#REF! -> #REF! | G36: =#REF! -> #REF! | H36: =#REF! -> #REF! | J36: Was 37. Edited for effort.
A37: =#REF! -> #REF! | B37: =#REF! -> #REF! | C37: =SUM(D37:H37) -> #REF! | D37: =#REF! -> #REF! | E37: ='Task 2a - Mitigating the Proble'!D37 -> 6 | F37: =#REF! -> #REF! | G37: =#REF! -> #REF! | H37: =#REF! -> #REF!
A38: =#REF! -> #REF! | B38: =#REF! -> #REF! | C38: =SUM(D38:H38) -> #REF! | D38: =#REF! -> #REF! | E38: ='Task 2a - Mitigating the Proble'!D38 -> 7 | F38: =#REF! -> #REF! | G38: =#REF! -> #REF! | H38: =#REF! -> #REF!
A39: =#REF! -> #REF! | B39: =#REF! -> #REF! | C39: =SUM(D39:H39) -> #REF! | D39: =#REF! -> #REF! | E39: ='Task 2a - Mitigating the Proble'!D39 -> 7 | F39: =#REF! -> #REF! | G39: =#REF! -> #REF! | H39: =#REF! -> #REF!
A40: =#REF! -> #REF! | B40: =#REF! -> #REF! | C40: =SUM(D40:H40) -> #REF! | D40: =#REF! -> #REF! | E40: ='Task 2a - Mitigating the Proble'!D40 -> 6 | F40: =#REF! -> #REF! | G40: =#REF! -> #REF! | H40: =#REF! -> #REF!
A41: =#REF! -> #REF! | B41: =#REF! -> #REF! | C41: =SUM(D41:H41) -> #REF! | D41: =#REF! -> #REF! | E41: ='Task 2a - Mitigating the Proble'!D41 -> 5 | F41: =#REF! -> #REF! | G41: =#REF! -> #REF! | H41: =#REF! -> #REF!
A42: =#REF! -> #REF! | B42: =#REF! -> #REF! | C42: =SUM(D42:H42) -> #REF! | D42: =#REF! -> #REF! | E42: ='Task 2a - Mitigating the Proble'!D42 -> 7 | F42: =#REF! -> #REF! | G42: =#REF! -> #REF! | H42: =#REF! -> #REF!
A43: =#REF! -> #REF! | B43: =#REF! -> #REF! | C43: =SUM(D43:H43) -> #REF! | D43: =#REF! -> #REF! | E43: ='Task 2a - Mitigating the Proble'!D43 -> 7 | F43: =#REF! -> #REF! | G43: =#REF! -> #REF! | H43: =#REF! -> #REF!
A44: =#REF! -> #REF! | B44: =#REF! -> #REF! | C44: =SUM(D44:H44) -> #REF! | D44: =#REF! -> #REF! | E44: ='Task 2a - Mitigating the Proble'!D44 -> 6 | F44: =#REF! -> #REF! | G44: =#REF! -> #REF! | H44: =#REF! -> #REF!
A45: =#REF! -> #REF! | B45: =#REF! -> #REF! | C45: =SUM(D45:H45) -> #REF! | D45: =#REF! -> #REF! | E45: ='Task 2a - Mitigating the Proble'!D45 -> 5 | F45: =#REF! -> #REF! | G45: =#REF! -> #REF! | H45: =#REF! -> #REF!
A46: =#REF! -> #REF! | B46: =#REF! -> #REF! | C46: =SUM(D46:H46) -> #REF! | D46: =#REF! -> #REF! | E46: ='Task 2a - Mitigating the Proble'!D46 -> 7 | F46: =#REF! -> #REF! | G46: =#REF! -> #REF! | H46: =#REF! -> #REF!
A47: =#REF! -> #REF! | B47: =#REF! -> #REF! | C47: =SUM(D47:H47) -> #REF! | D47: =#REF! -> #REF! | E47: ='Task 2a - Mitigating the Proble'!D47 -> 5 | F47: =#REF! -> #REF! | G47: =#REF! -> #REF! | H47: =#REF! -> #REF!
A48: =#REF! -> #REF! | B48: =#REF! -> #REF! | C48: =SUM(D48:H48) -> #REF! | D48: =#REF! -> #REF! | E48: ='Task 2a - Mitigating the Proble'!D48 -> 5 | F48: =#REF! -> #REF! | G48: =#REF! -> #REF! | H48: =#REF! -> #REF!
... A52: =#REF! -> #REF! | B52: =#REF! -> #REF! | C52: =SUM(D52:H52) -> #REF! | D52: =#REF! -> #REF! | E52: ='Task 2a - Mitigating the Proble'!D52 -> 5 | F52: =#REF! -> #REF! | G52: =#REF! -> #REF! | H52: =#REF! -> #REF!
A53: =#REF! -> #REF! | B53: =#REF! -> #REF! | C53: =SUM(D53:H53) -> #REF! | D53: =#REF! -> #REF! | E53: ='Task 2a - Mitigating the Proble'!D53 -> 4 | F53: =#REF! -> #REF! | G53: =#REF! -> #REF! | H53: =#REF! -> #REF! | J53: Borderline - switched point.
A54: =#REF! -> #REF! | B54: =#REF! -> #REF! | C54: =SUM(D54:H54) -> #REF! | D54: =#REF! -> #REF! | E54: ='Task 2a - Mitigating the Proble'!D54 -> 5 | F54: =#REF! -> #REF! | G54: =#REF! -> #REF! | H54: =#REF! -> #REF!
A55: =#REF! -> #REF! | B55: =#REF! -> #REF! | C55: =SUM(D55:H55) -> #REF! | D55: =#REF! -> #REF! | E55: ='Task 2a - Mitigating the Proble'!D55 -> 5 | F55: =#REF! -> #REF! | G55: =#REF! -> #REF! | H55: =#REF! -> #REF!
A56: =#REF! -> #REF! | B56: =#REF! -> #REF! | C56: =SUM(D56:H56) -> #REF! | D56: =#REF! -> #REF! | E56: ='Task 2a - Mitigating the Proble'!D56 -> 6 | F56: =#REF! -> #REF! | G56: =#REF! -> #REF! | H56: =#REF! -> #REF!
A57: =#REF! -> #REF! | B57: =#REF! -> #REF! | C57: =SUM(D57:H57) -> #REF! | D57: =#REF! -> #REF! | E57: ='Task 2a - Mitigating the Proble'!D57 -> 5 | F57: =#REF! -> #REF! | G57: =#REF! -> #REF! | H57: =#REF! -> #REF!
A58: =#REF! -> #REF! | B58: =#REF! -> #REF! | C58: =SUM(D58:H58) -> #REF! | D58: =#REF! -> #REF! | E58: ='Task 2a - Mitigating the Proble'!D58 -> 7 | F58: =#REF! -> #REF! | G58: =#REF! -> #REF! | H58: =#REF! -> #REF!
A59: =#REF! -> #REF! | B59: =#REF! -> #REF! | C59: =SUM(D59:H59) -> #REF! | D59: =#REF! -> #REF! | E59: ='Task 2a - Mitigating the Proble'!D59 -> 5 | F59: =#REF! -> #REF! | G59: =#REF! -> #REF! | H59: =#REF! -> #REF!
A60: =#REF! -> #REF! | B60: =#REF! -> #REF! | C60: =SUM(D60:H60) -> #REF! | D60: =#REF! -> #REF! | E60: ='Task 2a - Mitigating the Proble'!D60 -> 5 | F60: =#REF! -> #REF! | G60: =#REF! -> #REF! | H60: =#REF! -> #REF!
A61: =#REF! -> #REF! | B61: =#REF! -> #REF! | C61: 50 | D61: =#REF! -> #REF! | E61: ='Task 2a - Mitigating the Proble'!D61 -> 5 | F61: =#REF! -> #REF! | G61: =#REF! -> #REF! | H61: =#REF! -> #REF! | J61: Was 49. Edited for effort.
A62: =#REF! -> #REF! | B62: =#REF! -> #REF! | C62: =SUM(D62:H62) -> #REF! | D62: =#REF! -> #REF! | E62: ='Task 2a - Mitigating the Proble'!D62 -> 4 | F62: =#REF! -> #REF! | G62: =#REF! -> #REF! | H62: =#REF! -> #REF!
A63: =#REF! -> #REF! | B63: =#REF! -> #REF! | C63: =SUM(D63:H63) -> #REF! | D63: =#REF! -> #REF! | E63: ='Task 2a - Mitigating the Proble'!D63 -> 5 | F63: =#REF! -> #REF! | G63: =#REF! -> #REF! | H63: =#REF! -> #REF!
A64: =#REF! -> #REF! | B64: =#REF! -> #REF! | C64: =SUM(D64:H64) -> #REF! | D64: =#REF! -> #REF! | E64: ='Task 2a - Mitigating the Proble'!D64 -> 6 | F64: =#REF! -> #REF! | G64: =#REF! -> #REF! | H64: =#REF! -> #REF!
A65: =#REF! -> #REF! | B65: =#REF! -> #REF! | C65: =SUM(D65:H65) -> #REF! | D65: =#REF! -> #REF! | E65: ='Task 2a - Mitigating the Proble'!D65 -> 5 | F65: =#REF! -> #REF! | G65: =#REF! -> #REF! | H65: =#REF! -> #REF!
A66: =#REF! -> #REF! | B66: =#REF! -> #REF! | C66: =SUM(D66:H66) -> #REF! | D66: =#REF! -> #REF! | E66: ='Task 2a - Mitigating the Proble'!D66 -> 5 | F66: =#REF! -> #REF! | G66: =#REF! -> #REF! | H66: =#REF! -> #REF! | J66: Borderline - switched points.
A67: =#REF! -> #REF! | B67: =#REF! -> #REF! | C67: =SUM(D67:H67) -> #REF! | D67: =#REF! -> #REF! | E67: ='Task 2a - Mitigating the Proble'!D67 -> 7 | F67: =#REF! -> #REF! | G67: =#REF! -> #REF! | H67: =#REF! -> #REF!
A68: =#REF! -> #REF! | B68: =#REF! -> #REF! | C68: =SUM(D68:H68) -> #REF! | D68: =#REF! -> #REF! | E68: ='Task 2a - Mitigating the Proble'!D68 -> 6 | F68: =#REF! -> #REF! | G68: =#REF! -> #REF! | H68: =#REF! -> #REF!
A69: =#REF! -> #REF! | B69: =#REF! -> #REF! | C69: =SUM(D69:H69) -> #REF! | D69: =#REF! -> #REF! | E69: ='Task 2a - Mitigating the Proble'!D69 -> 6 | F69: =#REF! -> #REF! | G69: =#REF! -> #REF! | H69: =#REF! -> #REF!
A70: =#REF! -> #REF! | B70: =#REF! -> #REF! | C70: =SUM(D70:H70) -> #REF! | D70: =#REF! -> #REF! | E70: ='Task 2a - Mitigating the Proble'!D70 -> 6 | F70: =#REF! -> #REF! | G70: =#REF! -> #REF! | H70: =#REF! -> #REF!
A71: =#REF! -> #REF! | B71: =#REF! -> #REF! | C71: =SUM(D71:H71) -> #REF! | D71: =#REF! -> #REF! | E71: ='Task 2a - Mitigating the Proble'!D71 -> 8 | F71: =#REF! -> #REF! | G71: =#REF! -> #REF! | H71: =#REF! -> #REF!
A72: =#REF! -> #REF! | B72: =#REF! -> #REF! | C72: =SUM(D72:H72) -> #REF! | D72: =#REF! -> #REF! | E72: ='Task 2a - Mitigating the Proble'!D72 -> 7 | F72: =#REF! -> #REF! | G72: =#REF! -> #REF! | H72: =#REF! -> #REF!
A73: =#REF! -> #REF! | B73: =#REF! -> #REF! | C73: =SUM(D73:H73) -> #REF! | D73: =#REF! -> #REF! | E73: ='Task 2a - Mitigating the Proble'!D73 -> 6 | F73: =#REF! -> #REF! | G73: =#REF! -> #REF! | H73: =#REF! -> #REF!
A74: =#REF! -> #REF! | B74: =#REF! -> #REF! | C74: =SUM(D74:H74) -> #REF! | D74: =#REF! -> #REF! | E74: ='Task 2a - Mitigating the Proble'!D74 -> 8 | F74: =#REF! -> #REF! | G74: =#REF! -> #REF! | H74: =#REF! -> #REF!
A75: =#REF! -> #REF! | B75: =#REF! -> #REF! | C75: =SUM(D75:H75) -> #REF! | D75: =#REF! -> #REF! | E75: ='Task 2a - Mitigating the Proble'!D75 -> 4 | F75: =#REF! -> #REF! | G75: =#REF! -> #REF! | H75: =#REF! -> #REF!
A76: =#REF! -> #REF! | B76: =#REF! -> #REF! | C76: =SUM(D76:H76) -> #REF! | D76: =#REF! -> #REF! | E76: ='Task 2a - Mitigating the Proble'!D76 -> 5 | F76: =#REF! -> #REF! | G76: =#REF! -> #REF! | H76: =#REF! -> #REF!
A77: =#REF! -> #REF! | B77: =#REF! -> #REF! | C77: =SUM(D77:H77) -> #REF! | D77: =#REF! -> #REF! | E77: ='Task 2a - Mitigating the Proble'!D77 -> 5 | F77: =#REF! -> #REF! | G77: =#REF! -> #REF! | H77: =#REF! -> #REF!
A78: =#REF! -> #REF! | B78: =#REF! -> #REF! | C78: =SUM(D78:H78) -> #REF! | D78: =#REF! -> #REF! | E78: ='Task 2a - Mitigating the Proble'!D78 -> 7 | F78: =#REF! -> #REF! | G78: =#REF! -> #REF! | H78: =#REF! -> #REF!
A79: =#REF! -> #REF! | B79: =#REF! -> #REF! | C79: =SUM(D79:H79) -> #REF! | D79: =#REF! -> #REF! | E79: ='Task 2a - Mitigating the Proble'!D79 -> 6 | F79: =#REF! -> #REF! | G79: =#REF! -> #REF! | H79: =#REF! -> #REF!
A80: =#REF! -> #REF! | B80: =#REF! -> #REF! | C80: =SUM(D80:H80) -> #REF! | D80: =#REF! -> #REF! | E80: ='Task 2a - Mitigating the Proble'!D80 -> 0 | F80: =#REF! -> #REF! | G80: =#REF! -> #REF! | H80: =#REF! -> #REF! | J80: Was 46. Edited for effort. | K80: then edited again after test pack
A81: =#REF! -> #REF! | B81: =#REF! -> #REF! | C81: =SUM(D81:H81) -> #REF! | D81: =#REF! -> #REF! | E81: ='Task 2a - Mitigating the Proble'!D81 -> 7 | F81: =#REF! -> #REF! | G81: =#REF! -> #REF! | H81: =#REF! -> #REF!
A82: =#REF! -> #REF! | B82: =#REF! -> #REF! | C82: =SUM(D82:H82) -> #REF! | D82: =#REF! -> #REF! | E82: ='Task 2a - Mitigating the Proble'!D82 -> 5 | F82: =#REF! -> #REF! | G82: =#REF! -> #REF! | H82: =#REF! -> #REF!
A83: =#REF! -> #REF! | B83: =#REF! -> #REF! | C83: =SUM(D83:H83) -> #REF! | D83: =#REF! -> #REF! | E83: ='Task 2a - Mitigating the Proble'!D83 -> 5 | F83: =#REF! -> #REF! | G83: =#REF! -> #REF! | H83: =#REF! -> #REF!
A84: =#REF! -> #REF! | B84: =#REF! -> #REF! | C84: =SUM(D84:H84) -> #REF! | D84: =#REF! -> #REF! | E84: ='Task 2a - Mitigating the Proble'!D84 -> 6 | F84: =#REF! -> #REF! | G84: =#REF! -> #REF! | H84: =#REF! -> #REF!
A85: =#REF! -> #REF! | B85: =#REF! -> #REF! | C85: =SUM(D85:H85) -> #REF! | D85: =#REF! -> #REF! | E85: ='Task 2a - Mitigating the Proble'!D85 -> 5 | F85: =#REF! -> #REF! | G85: =#REF! -> #REF! | H85: =#REF! -> #REF!
A86: =#REF! -> #REF! | B86: =#REF! -> #REF! | C86: =SUM(D86:H86) -> #REF! | D86: =#REF! -> #REF! | E86: ='Task 2a - Mitigating the Proble'!D86 -> 5 | F86: =#REF! -> #REF! | G86: =#REF! -> #REF! | H86: =#REF! -> #REF!
A87: =#REF! -> #REF! | B87: =#REF! -> #REF! | C87: 40 | D87: =#REF! -> #REF! | E87: ='Task 2a - Mitigating the Proble'!D87 -> 6 | F87: =#REF! -> #REF! | G87: =#REF! -> #REF! | H87: =#REF! -> #REF! | J87: Was 22. Edited for effort.
A88: =#REF! -> #REF! | B88: =#REF! -> #REF! | C88: =SUM(D88:H88) -> #REF! | D88: =#REF! -> #REF! | E88: ='Task 2a - Mitigating the Proble'!D88 -> 6 | F88: =#REF! -> #REF! | G88: =#REF! -> #REF! | H88: =#REF! -> #REF!
A89: =#REF! -> #REF! | B89: =#REF! -> #REF! | C89: =SUM(D89:H89) -> #REF! | D89: =#REF! -> #REF! | E89: ='Task 2a - Mitigating the Proble'!D89 -> 7 | F89: =#REF! -> #REF! | G89: =#REF! -> #REF! | H89: =#REF! -> #REF!
A90: =#REF! -> #REF! | B90: =#REF! -> #REF! | C90: =SUM(D90:H90) -> #REF! | D90: =#REF! -> #REF! | E90: ='Task 2a - Mitigating the Proble'!D90 -> 7 | F90: =#REF! -> #REF! | G90: =#REF! -> #REF! | H90: =#REF! -> #REF!
A91: =#REF! -> #REF! | B91: =#REF! -> #REF! | C91: =SUM(D91:H91) -> #REF! | D91: =#REF! -> #REF! | E91: ='Task 2a - Mitigating the Proble'!D91 -> 6 | F91: =#REF! -> #REF! | G91: =#REF! -> #REF! | H91: =#REF! -> #REF! | J91: Borderline - switched point.
A92: =#REF! -> #REF! | B92: =#REF! -> #REF! | C92: =SUM(D92:H92) -> #REF! | D92: =#REF! -> #REF! | E92: ='Task 2a - Mitigating the Proble'!D92 -> 6 | F92: =#REF! -> #REF! | G92: =#REF! -> #REF! | H92: =#REF! -> #REF!
A93: =#REF! -> #REF! | B93: =#REF! -> #REF! | C93: =SUM(D93:H93) -> #REF! | D93: =#REF! -> #REF! | E93: ='Task 2a - Mitigating the Proble'!D93 -> 8 | F93: =#REF! -> #REF! | G93: =#REF! -> #REF! | H93: =#REF! -> #REF!
A94: =#REF! -> #REF! | B94: =#REF! -> #REF! | C94: =SUM(D94:H94) -> #REF! | D94: =#REF! -> #REF! | E94: ='Task 2a - Mitigating the Proble'!D94 -> 8 | F94: =#REF! -> #REF! | G94: =#REF! -> #REF! | H94: =#REF! -> #REF!
A95: =#REF! -> #REF! | B95: =#REF! -> #REF! | C95: =SUM(D95:H95) -> #REF! | D95: =#REF! -> #REF! | E95: ='Task 2a - Mitigating the Proble'!D95 -> 7 | F95: =#REF! -> #REF! | G95: =#REF! -> #REF! | H95: =#REF! -> #REF!
A96: =#REF! -> #REF! | B96: =#REF! -> #REF! | C96: =SUM(D96:H96) -> #REF! | D96: =#REF! -> #REF! | E96: ='Task 2a - Mitigating the Proble'!D96 -> 8 | F96: =#REF! -> #REF! | G96: =#REF! -> #REF! | H96: =#REF! -> #REF!
A97: =#REF! -> #REF! | B97: =#REF! -> #REF! | C97: =SUM(D97:H97) -> #REF! | D97: =#REF! -> #REF! | E97: ='Task 2a - Mitigating the Proble'!D97 -> 5 | F97: =#REF! -> #REF! | G97: =#REF! -> #REF! | H97: =#REF! -> #REF!
A98: =#REF! -> #REF! | B98: =#REF! -> #REF! | C98: =SUM(D98:H98) -> #REF! | D98: =#REF! -> #REF! | E98: ='Task 2a - Mitigating the Proble'!D98 -> 7 | F98: =#REF! -> #REF! | G98: =#REF! -> #REF! | H98: =#REF! -> #REF!
A99: =#REF! -> #REF! | B99: =#REF! -> #REF! | C99: =SUM(D99:H99) -> #REF! | D99: =#REF! -> #REF! | E99: ='Task 2a - Mitigating the Proble'!D99 -> 6 | F99: =#REF! -> #REF! | G99: =#REF! -> #REF! | H99: =#REF! -> #REF!
A100: =#REF! -> #REF! | B100: =#REF! -> #REF! | C100: =SUM(D100:H100) -> #REF! | D100: =#REF! -> #REF! | E100: ='Task 2a - Mitigating the Proble'!D100 -> 6 | F100: =#REF! -> #REF! | G100: =#REF! -> #REF! | H100: =#REF! -> #REF!
A101: =#REF! -> #REF! | B101: =#REF! -> #REF! | C101: =SUM(D101:H101) -> #REF! | D101: =#REF! -> #REF! | E101: ='Task 2a - Mitigating the Proble'!D101 -> 8 | F101: =#REF! -> #REF! | G101: =#REF! -> #REF! | H101: =#REF! -> #REF!
A102: =#REF! -> #REF! | B102: =#REF! -> #REF! | C102: =SUM(D102:H102) -> #REF! | D102: =#REF! -> #REF! | E102: ='Task 2a - Mitigating the Proble'!D102 -> 7 | F102: =#REF! -> #REF! | G102: =#REF! -> #REF! | H102: =#REF! -> #REF!
A103: =#REF! -> #REF! | B103: =#REF! -> #REF! | C103: =SUM(D103:H103) -> #REF! | D103: =#REF! -> #REF! | E103: ='Task 2a - Mitigating the Proble'!D103 -> 6 | F103: =#REF! -> #REF! | G103: =#REF! -> #REF! | H103: =#REF! -> #REF!
... A138: =#REF! -> #REF! | B138: =#REF! -> #REF! | C138: =SUM(D138:H138) -> #REF! | D138: =#REF! -> #REF! | E138: ='Task 2a - Mitigating the Proble'!D138 -> 6 | F138: =#REF! -> #REF! | G138: =#REF! -> #REF! | H138: =#REF! -> #REF!
A139: =#REF! -> #REF! | B139: =#REF! -> #REF! | C139: 30 | D139: =#REF! -> #REF! | E139: ='Task 2a - Mitigating the Proble'!D139 -> 6 | F139: =#REF! -> #REF! | G139: =#REF! -> #REF! | H139: =#REF! -> #REF! | J139: Was 15. Edited for effort.
A140: =#REF! -> #REF! | B140: =#REF! -> #REF! | C140: =SUM(D140:H140) -> #REF! | D140: =#REF! -> #REF! | E140: ='Task 2a - Mitigating the Proble'!D140 -> 8 | F140: =#REF! -> #REF! | G140: =#REF! -> #REF! | H140: =#REF! -> #REF!
A141: =#REF! -> #REF! | B141: =#REF! -> #REF! | C141: =SUM(D141:H141) -> #REF! | D141: =#REF! -> #REF! | E141: ='Task 2a - Mitigating the Proble'!D141 -> 5 | F141: =#REF! -> #REF! | G141: =#REF! -> #REF! | H141: =#REF! -> #REF!
...

Sheet Collate Feedback
A6: Marker | C6: Student UUN: | D6: CHAR(10) | F6: Total Mark: | H6: /Task 1 mark: | J6: /Task 2a mark: | L6: /Task 2b mark: | N6: /Task 2c mark: | P6: /Task 3 mark: | Q6: . CHAR(10) | R6: Text Join | S6: [Details for Task 1:] | T6: CHAR(10) | V6: /Question 1: | W6: CHAR(10) | Y6: /Question 2: | Z6: CHAR(10) | AB6: /Question 5: | AC6: CHAR(10) | AE6: /Question 6: | AF6: CHAR(10) | AH6: /Question 7: | AI6: CHAR(10) | AK6: /Question Table 1: | AL6: CHAR(10) | AN6: /Question Figure 2: | AO6: CHAR(10) | AQ6: /Question 8: | AR6: CHAR(10) | AT6: /Question 9: | AU6: CHAR(10) | AW6: /Question Table 2: | AX6: CHAR(10) | AZ6: /Question Figure 3: | BA6: CHAR(10) | BC6: /Question 10: | BD6: CHAR(10) | BF6: /Question 11: | BG6: . CHAR(10) | BH6: Text Join | BI6: [Details for Task 2a:] | BJ6: CHAR(10) | BL6: /Question 12: | BM6: . CHAR(10) | BN6: Text Join | BO6: [Details for Task 2b:] | BP6: CHAR(10) | BR6: /Fprop check for DropoutLayer: | BS6: CHAR(10) | BU6: /Bprop check for DropoutLayer: | BV6: CHAR(10) | BX6: /Call func for L1Penalty: | BY6: CHAR(10) | CA6: /Grad check for L1Penalty: | CB6: CHAR(10) | CD6: /Call func for L2Penalty: | CE6: CHAR(10) | CG6: /Grad check for L2Penalty: | CH6: CHAR(10) | CJ6: /Effort | CK6: . CHAR(10) | CL6: Text Join | CM6: [Details for Task 2c:] | CN6: CHAR(10) | CP6: /Question Table 3: | CQ6: CHAR(10) | CS6: /Question Figure 4: | CT6: CHAR(10) | CV6: /Question 13: | CW6: CHAR(10) | CY6: /Question 14: | CZ6: CHAR(10) | DB6: /Question 3: | DC6: . CHAR(10) | DD6: Text Join | DE6: [Details for Task 3:] | DF6: CHAR(10) | DH6: /Question 15: | DI6: CHAR(10) | DK6: /Question 4: | DL6: . CHAR(10) | DM6: Text Join | DN6: Final Feedback
A7: =Summary!A7 -> #REF! | B7: Student UUN: | C7: =Summary!B7 -> #REF! | E7: Total Mark: | F7: =Summary!C7 -> #REF! | G7: /Task 1 mark: | H7: =Summary!D7 -> #REF! | I7: /Task 2a mark: | J7: =Summary!E7 -> 7 | K7: /Task 2b mark: | L7: =Summary!F7 -> #REF! | M7: /Task 2c mark: | N7: =Summary!G7 -> #REF! | O7: /Task 3 mark: | P7: =Summary!H7 -> #REF! | Q7: . | R7: =_xlfn.TEXTJOIN(" ", FALSE, B7:Q7) -> #REF! | S7: [Details for Task 1:] | U7: /Question 1: | V7: =_xlfn.TEXTJOIN(" ", FALSE,#REF!) -> #REF! | X7: /Question 2: | Y7: =_xlfn.TEXTJOIN(" ", FALSE,#REF!) -> #REF! | AA7: /Question 5: | AB7: =_xlfn.TEXTJOIN(" ", FALSE,#REF!) -> #REF! | AD7: /Question 6: | AE7: =_xlfn.TEXTJOIN(" ", FALSE,#REF!) -> #REF! | AG7: /Question 7: | AH7: =_xlfn.TEXTJOIN(" ", FALSE,#REF!) -> #REF! | AJ7: /Question Table 1: | AK7: =_xlfn.TEXTJOIN(" ", FALSE,#REF!) -> #REF! | AM7: /Question Figure 2: | AN7: =_xlfn.TEXTJOIN(" ", FALSE,#REF!) -> #REF! | AP7: /Question 8: | AQ7: =_xlfn.TEXTJOIN(" ", FALSE,#REF!) -> #REF! | AS7: /Question 9: | AT7: =_xlfn.TEXTJOIN(" ", FALSE,#REF!) -> #REF! | AV7: /Question Table 2: | AW7: =_xlfn.TEXTJOIN(" ", FALSE,#REF!) -> #REF! | AY7: /Question Figure 3: | AZ7: =_xlfn.TEXTJOIN(" ", FALSE,#REF!) -> #REF! | BB7: /Question 10: | BC7: =_xlfn.TEXTJOIN(" ", FALSE,#REF!) -> #REF! | BE7: /Question 11: | BF7: =_xlfn.TEXTJOIN(" ", FALSE,#REF!) -> #REF! | BG7: . | BH7: =_xlfn.TEXTJOIN(" ", FALSE, S7:BG7) -> #REF! | BI7: [Details for Task 2a:] | BK7: /Question 12: | BL7: =_xlfn.TEXTJOIN(" ", FALSE, 'Task 2a - Mitigating the Proble'!U7:AC7) -> 1 1 0 0 1 1 1 0 | BM7: . | BN7: =_xlfn.TEXTJOIN(" ", FALSE, BI7:BM7) -> [Details for Task 2a:] /Question 12: 1 1 0 0 1 1 1 0 . | BO7: [Details for Task 2b:] | BQ7: /Fprop check for DropoutLayer: | BR7: =_xlfn.TEXTJOIN(" ", FALSE,#REF!) -> #REF! | BT7: /Bprop check for DropoutLayer: | BU7: =_xlfn.TEXTJOIN(" ", FALSE,#REF!) -> #REF! | BW7: /Call func for L1Penalty: | BX7: =_xlfn.TEXTJOIN(" ", FALSE,#REF!) -> #REF! | BZ7: /Grad check for L1Penalty: | CA7: =_xlfn.TEXTJOIN(" ", FALSE,#REF!) -> #REF! | CC7: /Call func for L2Penalty: | CD7: =_xlfn.TEXTJOIN(" ", FALSE,#REF!) -> #REF! | CF7: /Grad check for L2Penalty: | CG7: =_xlfn.TEXTJOIN(" ", FALSE,#REF!) -> #REF! | CI7: /Effort 2: means with test package 1: means with code but no test package 0: means no code or test package >> | CJ7: =_xlfn.TEXTJOIN(" ", FALSE,#REF!) -> #REF! | CK7: . | CL7: =_xlfn.TEXTJOIN(" ", FALSE, BO7:CK7) -> #REF! | CM7: [Details for Task 2c:] | CO7: /Question Table 3: | CP7: =_xlfn.TEXTJOIN(" ", FALSE,#REF!) -> #REF! | CR7: /Question Figure 4: | CS7: =_xlfn.TEXTJOIN(" ", FALSE,#REF!) -> #REF! | CU7: /Question 13: | CV7: =_xlfn.TEXTJOIN(" ", FALSE,#REF!) -> #REF! | CX7: /Question 14: | CY7: =_xlfn.TEXTJOIN(" ", FALSE,#REF!) -> #REF! | DA7: /Question 3: | DB7: =_xlfn.TEXTJOIN(" ", FALSE,#REF!) -> #REF! | DC7: . | DD7: =_xlfn.TEXTJOIN(" ", FALSE, CM7:DC7) -> #REF! | DE7: [Details for Task 3:] | DG7: /Question 15: | DH7: =_xlfn.TEXTJOIN(" ", FALSE,#REF!) -> #REF! | DJ7: /Question 4: | DK7: =_xlfn.TEXTJOIN(" ", FALSE,#REF!) -> #REF! | DL7: . | DM7: =_xlfn.TEXTJOIN(" ", FALSE, DE7:DL7) -> #REF! | DN7: =_xlfn.TEXTJOIN(CHAR(10), FALSE, R7,BH7,BN7,CL7,DD7,DM7) -> #REF!
A8: =Summary!A8 -> #REF! | B8: Student UUN: | C8: =Summary!B8 -> #REF! | E8: Total Mark: | F8: =Summary!C8 -> 50 | G8: /Task 1 mark: | H8: =Summary!D8 -> #REF! | I8: /Task 2a mark: | J8: =Summary!E8 -> 5 | K8: /Task 2b mark: | L8: =Summary!F8 -> #REF! | M8: /Task 2c mark: | N8: =Summary!G8 -> #REF! | O8: /Task 3 mark: | P8: =Summary!H8 -> #REF! | Q8: . | R8: =_xlfn.TEXTJOIN(" ", FALSE, B8:Q8) -> #REF! | S8: [Details for Task 1:] | U8: /Question 1: | V8: =_xlfn.TEXTJOIN(" ", FALSE,#REF!) -> #REF! | X8: /Question 2: | Y8: =_xlfn.TEXTJOIN(" ", FALSE,#REF!) -> #REF! | AA8: /Question 5: | AB8: =_xlfn.TEXTJOIN(" ", FALSE,#REF!) -> #REF! | AD8: /Question 6: | AE8: =_xlfn.TEXTJOIN(" ", FALSE,#REF!) -> #REF! | AG8: /Question 7: | AH8: =_xlfn.TEXTJOIN(" ", FALSE,#REF!) -> #REF! | AJ8: /Question Table 1: | AK8: =_xlfn.TEXTJOIN(" ", FALSE,#REF!) -> #REF! | AM8: /Question Figure 2: | AN8: =_xlfn.TEXTJOIN(" ", FALSE,#REF!) -> #REF! | AP8: /Question 8: | AQ8: =_xlfn.TEXTJOIN(" ", FALSE,#REF!) -> #REF! | AS8: /Question 9: | AT8: =_xlfn.TEXTJOIN(" ", FALSE,#REF!) -> #REF! | AV8: /Question Table 2: | AW8: =_xlfn.TEXTJOIN(" ", FALSE,#REF!) -> #REF! | AY8: /Question Figure 3: | AZ8: =_xlfn.TEXTJOIN(" ", FALSE,#REF!) -> #REF! | BB8: /Question 10: | BC8: =_xlfn.TEXTJOIN(" ", FALSE,#REF!) -> #REF! | BE8: /Question 11: | BF8: =_xlfn.TEXTJOIN(" ", FALSE,#REF!) -> #REF! | BG8: . | BH8: =_xlfn.TEXTJOIN(" ", FALSE, S8:BG8) -> #REF! | BI8: [Details for Task 2a:] | BK8: /Question 12: | BL8: =_xlfn.TEXTJOIN(" ", FALSE, 'Task 2a - Mitigating the Proble'!U8:AC8) -> 0 0 1 0 0 1 0 0 | BM8: . | BN8: =_xlfn.TEXTJOIN(" ", FALSE, BI8:BM8) -> [Details for Task 2a:] /Question 12: 0 0 1 0 0 1 0 0 . | BO8: [Details for Task 2b:] | BQ8: /Fprop check for DropoutLayer: | BR8: =_xlfn.TEXTJOIN(" ", FALSE,#REF!) -> #REF! | BT8: /Bprop check for DropoutLayer: | BU8: =_xlfn.TEXTJOIN(" ", FALSE,#REF!) -> #REF! | BW8: /Call func for L1Penalty: | BX8: =_xlfn.TEXTJOIN(" ", FALSE,#REF!) -> #REF! | BZ8: /Grad check for L1Penalty: | CA8: =_xlfn.TEXTJOIN(" ", FALSE,#REF!) -> #REF! | CC8: /Call func for L2Penalty: | CD8: =_xlfn.TEXTJOIN(" ", FALSE,#REF!) -> #REF! | CF8: /Grad check for L2Penalty: | CG8: =_xlfn.TEXTJOIN(" ", FALSE,#REF!) -> #REF! | CI8: /Effort 2: means with test package 1: means with code but no test package 0: means no code or test package >> | CJ8: =_xlfn.TEXTJOIN(" ", FALSE,#REF!) -> #REF! | CK8: . | CL8: =_xlfn.TEXTJOIN(" ", FALSE, BO8:CK8) -> #REF! | CM8: [Details for Task 2c:] | CO8: /Question Table 3: | CP8: =_xlfn.TEXTJOIN(" ", FALSE,#REF!) -> #REF! | CR8: /Question Figure 4: | CS8: =_xlfn.TEXTJOIN(" ", FALSE,#REF!) -> #REF! | CU8: /Question 13: | CV8: =_xlfn.TEXTJOIN(" ", FALSE,#REF!) -> #REF! | CX8: /Question 14: | CY8: =_xlfn.TEXTJOIN(" ", FALSE,#REF!) -> #REF! | DA8: /Question 3: | DB8: =_xlfn.TEXTJOIN(" ", FALSE,#REF!) -> #REF! | DC8: . | DD8: =_xlfn.TEXTJOIN(" ", FALSE, CM8:DC8) -> #REF! | DE8: [Details for Task 3:] | DG8: /Question 15: | DH8: =_xlfn.TEXTJOIN(" ", FALSE,#REF!) -> #REF! | DJ8: /Question 4: | DK8: =_xlfn.TEXTJOIN(" ", FALSE,#REF!) -> #REF! | DL8: . | DM8: =_xlfn.TEXTJOIN(" ", FALSE, DE8:DL8) -> #REF! | DN8: =_xlfn.TEXTJOIN(CHAR(10), FALSE, R8,BH8,BN8,CL8,DD8,DM8) -> #REF!
A9: =Summary!A9 -> #REF! | B9: Student UUN: | C9: =Summary!B9 -> #REF! | E9: Total Mark: | F9: =Summary!C9 -> #REF! | G9: /Task 1 mark: | H9: =Summary!D9 -> #REF! | I9: /Task 2a mark: | J9: =Summary!E9 -> 6 | K9: /Task 2b mark: | L9: =Summary!F9 -> #REF! | M9: /Task 2c mark: | N9: =Summary!G9 -> #REF! | O9: /Task 3 mark: | P9: =Summary!H9 -> #REF! | Q9: . | R9: =_xlfn.TEXTJOIN(" ", FALSE, B9:Q9) -> #REF! | S9: [Details for Task 1:] | U9: /Question 1: | V9: =_xlfn.TEXTJOIN(" ", FALSE,#REF!) -> #REF! | X9: /Question 2: | Y9: =_xlfn.TEXTJOIN(" ", FALSE,#REF!) -> #REF! | AA9: /Question 5: | AB9: =_xlfn.TEXTJOIN(" ", FALSE,#REF!) -> #REF! | AD9: /Question 6: | AE9: =_xlfn.TEXTJOIN(" ", FALSE,#REF!) -> #REF! | AG9: /Question 7: | AH9: =_xlfn.TEXTJOIN(" ", FALSE,#REF!) -> #REF! | AJ9: /Question Table 1: | AK9: =_xlfn.TEXTJOIN(" ", FALSE,#REF!) -> #REF! | AM9: /Question Figure 2: | AN9: =_xlfn.TEXTJOIN(" ", FALSE,#REF!) -> #REF! | AP9: /Question 8: | AQ9: =_xlfn.TEXTJOIN(" ", FALSE,#REF!) -> #REF! | AS9: /Question 9: | AT9: =_xlfn.TEXTJOIN(" ", FALSE,#REF!) -> #REF! | AV9: /Question Table 2: | AW9: =_xlfn.TEXTJOIN(" ", FALSE,#REF!) -> #REF! | AY9: /Question Figure 3: | AZ9: =_xlfn.TEXTJOIN(" ", FALSE,#REF!) -> #REF! | BB9: /Question 10: | BC9: =_xlfn.TEXTJOIN(" ", FALSE,#REF!) -> #REF! | BE9: /Question 11: | BF9: =_xlfn.TEXTJOIN(" ", FALSE,#REF!) -> #REF! | BG9: . | BH9: =_xlfn.TEXTJOIN(" ", FALSE, S9:BG9) -> #REF! | BI9: [Details for Task 2a:] | BK9: /Question 12: | BL9: =_xlfn.TEXTJOIN(" ", FALSE, 'Task 2a - Mitigating the Proble'!U9:AC9) -> 1 0 1 0 0 1 0 0 | BM9: . | BN9: =_xlfn.TEXTJOIN(" ", FALSE, BI9:BM9) -> [Details for Task 2a:] /Question 12: 1 0 1 0 0 1 0 0 . | BO9: [Details for Task 2b:] | BQ9: /Fprop check for DropoutLayer: | BR9: =_xlfn.TEXTJOIN(" ", FALSE,#REF!) -> #REF! | BT9: /Bprop check for DropoutLayer: | BU9: =_xlfn.TEXTJOIN(" ", FALSE,#REF!) -> #REF! | BW9: /Call func for L1Penalty: | BX9: =_xlfn.TEXTJOIN(" ", FALSE,#REF!) -> #REF! | BZ9: /Grad check for L1Penalty: | CA9: =_xlfn.TEXTJOIN(" ", FALSE,#REF!) -> #REF! | CC9: /Call func for L2Penalty: | CD9: =_xlfn.TEXTJOIN(" ", FALSE,#REF!) -> #REF! | CF9: /Grad check for L2Penalty: | CG9: =_xlfn.TEXTJOIN(" ", FALSE,#REF!) -> #REF! | CI9: /Effort 2: means with test package 1: means with code but no test package 0: means no code or test package >> | CJ9: =_xlfn.TEXTJOIN(" ", FALSE,#REF!) -> #REF! | CK9: . | CL9: =_xlfn.TEXTJOIN(" ", FALSE, BO9:CK9) -> #REF! | CM9: [Details for Task 2c:] | CO9: /Question Table 3: | CP9: =_xlfn.TEXTJOIN(" ", FALSE,#REF!) -> #REF! | CR9: /Question Figure 4: | CS9: =_xlfn.TEXTJOIN(" ", FALSE,#REF!) -> #REF! | CU9: /Question 13: | CV9: =_xlfn.TEXTJOIN(" ", FALSE,#REF!) -> #REF! | CX9: /Question 14: | CY9: =_xlfn.TEXTJOIN(" ", FALSE,#REF!) -> #REF! | DA9: /Question 3: | DB9: =_xlfn.TEXTJOIN(" ", FALSE,#REF!) -> #REF! | DC9: . | DD9: =_xlfn.TEXTJOIN(" ", FALSE, CM9:DC9) -> #REF! | DE9: [Details for Task 3:] | DG9: /Question 15: | DH9: =_xlfn.TEXTJOIN(" ", FALSE,#REF!) -> #REF! | DJ9: /Question 4: | DK9: =_xlfn.TEXTJOIN(" ", FALSE,#REF!) -> #REF! | DL9: . | DM9: =_xlfn.TEXTJOIN(" ", FALSE, DE9:DL9) -> #REF! | DN9: =_xlfn.TEXTJOIN(CHAR(10), FALSE, R9,BH9,BN9,CL9,DD9,DM9) -> #REF!
A10: =Summary!A10 -> #REF! | B10: Student UUN: | C10: =Summary!B10 -> #REF! | E10: Total Mark: | F10: =Summary!C10 -> #REF! | G10: /Task 1 mark: | H10: =Summary!D10 -> #REF! | I10: /Task 2a mark: | J10: =Summary!E10 -> 5 | K10: /Task 2b mark: | L10: =Summary!F10 -> #REF! | M10: /Task 2c mark: | N10: =Summary!G10 -> #REF! | O10: /Task 3 mark: | P10: =Summary!H10 -> #REF! | Q10: . | R10: =_xlfn.TEXTJOIN(" ", FALSE, B10:Q10) -> #REF! | S10: [Details for Task 1:] | U10: /Question 1: | V10: =_xlfn.TEXTJOIN(" ", FALSE,#REF!) -> #REF! | X10: /Question 2: | Y10: =_xlfn.TEXTJOIN(" ", FALSE,#REF!) -> #REF! | AA10: /Question 5: | AB10: =_xlfn.TEXTJOIN(" ", FALSE,#REF!) -> #REF! | AD10: /Question 6: | AE10: =_xlfn.TEXTJOIN(" ", FALSE,#REF!) -> #REF! | AG10: /Question 7: | AH10: =_xlfn.TEXTJOIN(" ", FALSE,#REF!) -> #REF! | AJ10: /Question Table 1: | AK10: =_xlfn.TEXTJOIN(" ", FALSE,#REF!) -> #REF! | AM10: /Question Figure 2: | AN10: =_xlfn.TEXTJOIN(" ", FALSE,#REF!) -> #REF! | AP10: /Question 8: | AQ10: =_xlfn.TEXTJOIN(" ", FALSE,#REF!) -> #REF! | AS10: /Question 9: | AT10: =_xlfn.TEXTJOIN(" ", FALSE,#REF!) -> #REF! | AV10: /Question Table 2: | AW10: =_xlfn.TEXTJOIN(" ", FALSE,#REF!) -> #REF! | AY10: /Question Figure 3: | AZ10: =_xlfn.TEXTJOIN(" ", FALSE,#REF!) -> #REF! | BB10: /Question 10: | BC10: =_xlfn.TEXTJOIN(" ", FALSE,#REF!) -> #REF! | BE10: /Question 11: | BF10: =_xlfn.TEXTJOIN(" ", FALSE,#REF!) -> #REF! | BG10: . | BH10: =_xlfn.TEXTJOIN(" ", FALSE, S10:BG10) -> #REF! | BI10: [Details for Task 2a:] | BK10: /Question 12: | BL10: =_xlfn.TEXTJOIN(" ", FALSE, 'Task 2a - Mitigating the Proble'!U10:AC10) -> 1 0 0 0 0 1 0 0 | BM10: . | BN10: =_xlfn.TEXTJOIN(" ", FALSE, BI10:BM10) -> [Details for Task 2a:] /Question 12: 1 0 0 0 0 1 0 0 . | BO10: [Details for Task 2b:] | BQ10: /Fprop check for DropoutLayer: | BR10: =_xlfn.TEXTJOIN(" ", FALSE,#REF!) -> #REF! | BT10: /Bprop check for DropoutLayer: | BU10: =_xlfn.TEXTJOIN(" ", FALSE,#REF!) -> #REF! | BW10: /Call func for L1Penalty: | BX10: =_xlfn.TEXTJOIN(" ", FALSE,#REF!) -> #REF! | BZ10: /Grad check for L1Penalty: | CA10: =_xlfn.TEXTJOIN(" ", FALSE,#REF!) -> #REF! | CC10: /Call func for L2Penalty: | CD10: =_xlfn.TEXTJOIN(" ", FALSE,#REF!) -> #REF! | CF10: /Grad check for L2Penalty: | CG10: =_xlfn.TEXTJOIN(" ", FALSE,#REF!) -> #REF! | CI10: /Effort 2: means with test package 1: means with code but no test package 0: means no code or test package >> | CJ10: =_xlfn.TEXTJOIN(" ", FALSE,#REF!) -> #REF! | CK10: . | CL10: =_xlfn.TEXTJOIN(" ", FALSE, BO10:CK10) -> #REF! | CM10: [Details for Task 2c:] | CO10: /Question Table 3: | CP10: =_xlfn.TEXTJOIN(" ", FALSE,#REF!) -> #REF! | CR10: /Question Figure 4: | CS10: =_xlfn.TEXTJOIN(" ", FALSE,#REF!) -> #REF! | CU10: /Question 13: | CV10: =_xlfn.TEXTJOIN(" ", FALSE,#REF!) -> #REF! | CX10: /Question 14: | CY10: =_xlfn.TEXTJOIN(" ", FALSE,#REF!) -> #REF! | DA10: /Question 3: | DB10: =_xlfn.TEXTJOIN(" ", FALSE,#REF!) -> #REF! | DC10: . | DD10: =_xlfn.TEXTJOIN(" ", FALSE, CM10:DC10) -> #REF! | DE10: [Details for Task 3:] | DG10: /Question 15: | DH10: =_xlfn.TEXTJOIN(" ", FALSE,#REF!) -> #REF! | DJ10: /Question 4: | DK10: =_xlfn.TEXTJOIN(" ", FALSE,#REF!) -> #REF! | DL10: . | DM10: =_xlfn.TEXTJOIN(" ", FALSE, DE10:DL10) -> #REF! | DN10: =_xlfn.TEXTJOIN(CHAR(10), FALSE, R10,BH10,BN10,CL10,DD10,DM10) -> #REF!
A11: =Summary!A11 -> #REF! | B11: Student UUN: | C11: =Summary!B11 -> #REF! | E11: Total Mark: | F11: =Summary!C11 -> #REF! | G11: /Task 1 mark: | H11: =Summary!D11 -> #REF! | I11: /Task 2a mark: | J11: =Summary!E11 -> 6 | K11: /Task 2b mark: | L11: =Summary!F11 -> #REF! | M11: /Task 2c mark: | N11: =Summary!G11 -> #REF! | O11: /Task 3 mark: | P11: =Summary!H11 -> #REF! | Q11: . | R11: =_xlfn.TEXTJOIN(" ", FALSE, B11:Q11) -> #REF! | S11: [Details for Task 1:] | U11: /Question 1: | V11: =_xlfn.TEXTJOIN(" ", FALSE,#REF!) -> #REF! | X11: /Question 2: | Y11: =_xlfn.TEXTJOIN(" ", FALSE,#REF!) -> #REF! | AA11: /Question 5: | AB11: =_xlfn.TEXTJOIN(" ", FALSE,#REF!) -> #REF! | AD11: /Question 6: | AE11: =_xlfn.TEXTJOIN(" ", FALSE,#REF!) -> #REF! | AG11: /Question 7: | AH11: =_xlfn.TEXTJOIN(" ", FALSE,#REF!) -> #REF! | AJ11: /Question Table 1: | AK11: =_xlfn.TEXTJOIN(" ", FALSE,#REF!) -> #REF! | AM11: /Question Figure 2: | AN11: =_xlfn.TEXTJOIN(" ", FALSE,#REF!) -> #REF! | AP11: /Question 8: | AQ11: =_xlfn.TEXTJOIN(" ", FALSE,#REF!) -> #REF! | AS11: /Question 9: | AT11: =_xlfn.TEXTJOIN(" ", FALSE,#REF!) -> #REF! | AV11: /Question Table 2: | AW11: =_xlfn.TEXTJOIN(" ", FALSE,#REF!) -> #REF! | AY11: /Question Figure 3: | AZ11: =_xlfn.TEXTJOIN(" ", FALSE,#REF!) -> #REF! | BB11: /Question 10: | BC11: =_xlfn.TEXTJOIN(" ", FALSE,#REF!) -> #REF! | BE11: /Question 11: | BF11: =_xlfn.TEXTJOIN(" ", FALSE,#REF!) -> #REF! | BG11: . | BH11: =_xlfn.TEXTJOIN(" ", FALSE, S11:BG11) -> #REF! | BI11: [Details for Task 2a:] | BK11: /Question 12: | BL11: =_xlfn.TEXTJOIN(" ", FALSE, 'Task 2a - Mitigating the Proble'!U11:AC11) -> 1 0 1 0 0 1 0 0 | BM11: . | BN11: =_xlfn.TEXTJOIN(" ", FALSE, BI11:BM11) -> [Details for Task 2a:] /Question 12: 1 0 1 0 0 1 0 0 . | BO11: [Details for Task 2b:] | BQ11: /Fprop check for DropoutLayer: | BR11: =_xlfn.TEXTJOIN(" ", FALSE,#REF!) -> #REF! | BT11: /Bprop check for DropoutLayer: | BU11: =_xlfn.TEXTJOIN(" ", FALSE,#REF!) -> #REF! | BW11: /Call func for L1Penalty: | BX11: =_xlfn.TEXTJOIN(" ", FALSE,#REF!) -> #REF! | BZ11: /Grad check for L1Penalty: | CA11: =_xlfn.TEXTJOIN(" ", FALSE,#REF!) -> #REF! | CC11: /Call func for L2Penalty: | CD11: =_xlfn.TEXTJOIN(" ", FALSE,#REF!) -> #REF! | CF11: /Grad check for L2Penalty: | CG11: =_xlfn.TEXTJOIN(" ", FALSE,#REF!) -> #REF! | CI11: /Effort 2: means with test package 1: means with code but no test package 0: means no code or test package >> | CJ11: =_xlfn.TEXTJOIN(" ", FALSE,#REF!) -> #REF! | CK11: . | CL11: =_xlfn.TEXTJOIN(" ", FALSE, BO11:CK11) -> #REF! | CM11: [Details for Task 2c:] | CO11: /Question Table 3: | CP11: =_xlfn.TEXTJOIN(" ", FALSE,#REF!) -> #REF! | CR11: /Question Figure 4: | CS11: =_xlfn.TEXTJOIN(" ", FALSE,#REF!) -> #REF! | CU11: /Question 13: | CV11: =_xlfn.TEXTJOIN(" ", FALSE,#REF!) -> #REF! | CX11: /Question 14: | CY11: =_xlfn.TEXTJOIN(" ", FALSE,#REF!) -> #REF! | DA11: /Question 3: | DB11: =_xlfn.TEXTJOIN(" ", FALSE,#REF!) -> #REF! | DC11: . | DD11: =_xlfn.TEXTJOIN(" ", FALSE, CM11:DC11) -> #REF! | DE11: [Details for Task 3:] | DG11: /Question 15: | DH11: =_xlfn.TEXTJOIN(" ", FALSE,#REF!) -> #REF! | DJ11: /Question 4: | DK11: =_xlfn.TEXTJOIN(" ", FALSE,#REF!) -> #REF! | DL11: . | DM11: =_xlfn.TEXTJOIN(" ", FALSE, DE11:DL11) -> #REF! | DN11: =_xlfn.TEXTJOIN(CHAR(10), FALSE, R11,BH11,BN11,CL11,DD11,DM11) -> #REF!
A12: =Summary!A12 -> #REF! | B12: Student UUN: | C12: =Summary!B12 -> #REF! | E12: Total Mark: | F12: =Summary!C12 -> #REF! | G12: /Task 1 mark: | H12: =Summary!D12 -> #REF! | I12: /Task 2a mark: | J12: =Summary!E12 -> 7 | K12: /Task 2b mark: | L12: =Summary!F12 -> #REF! | M12: /Task 2c mark: | N12: =Summary!G12 -> #REF! | O12: /Task 3 mark: | P12: =Summary!H12 -> #REF! | Q12: . | R12: =_xlfn.TEXTJOIN(" ", FALSE, B12:Q12) -> #REF! | S12: [Details for Task 1:] | U12: /Question 1: | V12: =_xlfn.TEXTJOIN(" ", FALSE,#REF!) -> #REF! | X12: /Question 2: | Y12: =_xlfn.TEXTJOIN(" ", FALSE,#REF!) -> #REF! | AA12: /Question 5: | AB12: =_xlfn.TEXTJOIN(" ", FALSE,#REF!) -> #REF! | AD12: /Question 6: | AE12: =_xlfn.TEXTJOIN(" ", FALSE,#REF!) -> #REF! | AG12: /Question 7: | AH12: =_xlfn.TEXTJOIN(" ", FALSE,#REF!) -> #REF! | AJ12: /Question Table 1: | AK12: =_xlfn.TEXTJOIN(" ", FALSE,#REF!) -> #REF! | AM12: /Question Figure 2: | AN12: =_xlfn.TEXTJOIN(" ", FALSE,#REF!) -> #REF! | AP12: /Question 8: | AQ12: =_xlfn.TEXTJOIN(" ", FALSE,#REF!) -> #REF! | AS12: /Question 9: | AT12: =_xlfn.TEXTJOIN(" ", FALSE,#REF!) -> #REF! | AV12: /Question Table 2: | AW12: =_xlfn.TEXTJOIN(" ", FALSE,#REF!) -> #REF! | AY12: /Question Figure 3: | AZ12: =_xlfn.TEXTJOIN(" ", FALSE,#REF!) -> #REF! | BB12: /Question 10: | BC12: =_xlfn.TEXTJOIN(" ", FALSE,#REF!) -> #REF! | BE12: /Question 11: | BF12: =_xlfn.TEXTJOIN(" ", FALSE,#REF!) -> #REF! | BG12: . | BH12: =_xlfn.TEXTJOIN(" ", FALSE, S12:BG12) -> #REF! | BI12: [Details for Task 2a:] | BK12: /Question 12: | BL12: =_xlfn.TEXTJOIN(" ", FALSE, 'Task 2a - Mitigating the Proble'!U12:AC12) -> 1 1 1 1 0 1 0 0 | BM12: . | BN12: =_xlfn.TEXTJOIN(" ", FALSE, BI12:BM12) -> [Details for Task 2a:] /Question 12: 1 1 1 1 0 1 0 0 . | BO12: [Details for Task 2b:] | BQ12: /Fprop check for DropoutLayer: | BR12: =_xlfn.TEXTJOIN(" ", FALSE,#REF!) -> #REF! | BT12: /Bprop check for DropoutLayer: | BU12: =_xlfn.TEXTJOIN(" ", FALSE,#REF!) -> #REF! | BW12: /Call func for L1Penalty: | BX12: =_xlfn.TEXTJOIN(" ", FALSE,#REF!) -> #REF! | BZ12: /Grad check for L1Penalty: | CA12: =_xlfn.TEXTJOIN(" ", FALSE,#REF!) -> #REF! | CC12: /Call func for L2Penalty: | CD12: =_xlfn.TEXTJOIN(" ", FALSE,#REF!) -> #REF! | CF12: /Grad check for L2Penalty: | CG12: =_xlfn.TEXTJOIN(" ", FALSE,#REF!) -> #REF! | CI12: /Effort 2: means with test package 1: means with code but no test package 0: means no code or test package >> | CJ12: =_xlfn.TEXTJOIN(" ", FALSE,#REF!) -> #REF! | CK12: . | CL12: =_xlfn.TEXTJOIN(" ", FALSE, BO12:CK12) -> #REF! | CM12: [Details for Task 2c:] | CO12: /Question Table 3: | CP12: =_xlfn.TEXTJOIN(" ", FALSE,#REF!) -> #REF! | CR12: /Question Figure 4: | CS12: =_xlfn.TEXTJOIN(" ", FALSE,#REF!) -> #REF! | CU12: /Question 13: | CV12: =_xlfn.TEXTJOIN(" ", FALSE,#REF!) -> #REF! | CX12: /Question 14: | CY12: =_xlfn.TEXTJOIN(" ", FALSE,#REF!) -> #REF! | DA12: /Question 3: | DB12: =_xlfn.TEXTJOIN(" ", FALSE,#REF!) -> #REF! | DC12: . | DD12: =_xlfn.TEXTJOIN(" ", FALSE, CM12:DC12) -> #REF! | DE12: [Details for Task 3:] | DG12: /Question 15: | DH12: =_xlfn.TEXTJOIN(" ", FALSE,#REF!) -> #REF! | DJ12: /Question 4: | DK12: =_xlfn.TEXTJOIN(" ", FALSE,#REF!) -> #REF! | DL12: . | DM12: =_xlfn.TEXTJOIN(" ", FALSE, DE12:DL12) -> #REF! | DN12: =_xlfn.TEXTJOIN(CHAR(10), FALSE, R12,BH12,BN12,CL12,DD12,DM12) -> #REF!
A13: =Summary!A13 -> #REF! | B13: Student UUN: | C13: =Summary!B13 -> #REF! | E13: Total Mark: | F13: =Summary!C13 -> #REF! | G13: /Task 1 mark: | H13: =Summary!D13 -> #REF! | I13: /Task 2a mark: | J13: =Summary!E13 -> 7 | K13: /Task 2b mark: | L13: =Summary!F13 -> #REF! | M13: /Task 2c mark: | N13: =Summary!G13 -> #REF! | O13: /Task 3 mark: | P13: =Summary!H13 -> #REF! | Q13: . | R13: =_xlfn.TEXTJOIN(" ", FALSE, B13:Q13) -> #REF! | S13: [Details for Task 1:] | U13: /Question 1: | V13: =_xlfn.TEXTJOIN(" ", FALSE,#REF!) -> #REF! | X13: /Question 2: | Y13: =_xlfn.TEXTJOIN(" ", FALSE,#REF!) -> #REF! | AA13: /Question 5: | AB13: =_xlfn.TEXTJOIN(" ", FALSE,#REF!) -> #REF! | AD13: /Question 6: | AE13: =_xlfn.TEXTJOIN(" ", FALSE,#REF!) -> #REF! | AG13: /Question 7: | AH13: =_xlfn.TEXTJOIN(" ", FALSE,#REF!) -> #REF! | AJ13: /Question Table 1: | AK13: =_xlfn.TEXTJOIN(" ", FALSE,#REF!) -> #REF! | AM13: /Question Figure 2: | AN13: =_xlfn.TEXTJOIN(" ", FALSE,#REF!) -> #REF! | AP13: /Question 8: | AQ13: =_xlfn.TEXTJOIN(" ", FALSE,#REF!) -> #REF! | AS13: /Question 9: | AT13: =_xlfn.TEXTJOIN(" ", FALSE,#REF!) -> #REF! | AV13: /Question Table 2: | AW13: =_xlfn.TEXTJOIN(" ", FALSE,#REF!) -> #REF! | AY13: /Question Figure 3: | AZ13: =_xlfn.TEXTJOIN(" ", FALSE,#REF!) -> #REF! | BB13: /Question 10: | BC13: =_xlfn.TEXTJOIN(" ", FALSE,#REF!) -> #REF! | BE13: /Question 11: | BF13: =_xlfn.TEXTJOIN(" ", FALSE,#REF!) -> #REF! | BG13: . | BH13: =_xlfn.TEXTJOIN(" ", FALSE, S13:BG13) -> #REF! | BI13: [Details for Task 2a:] | BK13: /Question 12: | BL13: =_xlfn.TEXTJOIN(" ", FALSE, 'Task 2a - Mitigating the Proble'!U13:AC13) -> 1 1 1 1 0 1 0 0 | BM13: . | BN13: =_xlfn.TEXTJOIN(" ", FALSE, BI13:BM13) -> [Details for Task 2a:] /Question 12: 1 1 1 1 0 1 0 0 . | BO13: [Details for Task 2b:] | BQ13: /Fprop check for DropoutLayer: | BR13: =_xlfn.TEXTJOIN(" ", FALSE,#REF!) -> #REF! | BT13: /Bprop check for DropoutLayer: | BU13: =_xlfn.TEXTJOIN(" ", FALSE,#REF!) -> #REF! | BW13: /Call func for L1Penalty: | BX13: =_xlfn.TEXTJOIN(" ", FALSE,#REF!) -> #REF! | BZ13: /Grad check for L1Penalty: | CA13: =_xlfn.TEXTJOIN(" ", FALSE,#REF!) -> #REF! | CC13: /Call func for L2Penalty: | CD13: =_xlfn.TEXTJOIN(" ", FALSE,#REF!) -> #REF! | CF13: /Grad check for L2Penalty: | CG13: =_xlfn.TEXTJOIN(" ", FALSE,#REF!) -> #REF! | CI13: /Effort 2: means with test package 1: means with code but no test package 0: means no code or test package >> | CJ13: =_xlfn.TEXTJOIN(" ", FALSE,#REF!) -> #REF! | CK13: . | CL13: =_xlfn.TEXTJOIN(" ", FALSE, BO13:CK13) -> #REF! | CM13: [Details for Task 2c:] | CO13: /Question Table 3: | CP13: =_xlfn.TEXTJOIN(" ", FALSE,#REF!) -> #REF! | CR13: /Question Figure 4: | CS13: =_xlfn.TEXTJOIN(" ", FALSE,#REF!) -> #REF! | CU13: /Question 13: | CV13: =_xlfn.TEXTJOIN(" ", FALSE,#REF!) -> #REF! | CX13: /Question 14: | CY13: =_xlfn.TEXTJOIN(" ", FALSE,#REF!) -> #REF! | DA13: /Question 3: | DB13: =_xlfn.TEXTJOIN(" ", FALSE,#REF!) -> #REF! | DC13: . | DD13: =_xlfn.TEXTJOIN(" ", FALSE, CM13:DC13) -> #REF! | DE13: [Details for Task 3:] | DG13: /Question 15: | DH13: =_xlfn.TEXTJOIN(" ", FALSE,#REF!) -> #REF! | DJ13: /Question 4: | DK13: =_xlfn.TEXTJOIN(" ", FALSE,#REF!) -> #REF! | DL13: . | DM13: =_xlfn.TEXTJOIN(" ", FALSE, DE13:DL13) -> #REF! | DN13: =_xlfn.TEXTJOIN(CHAR(10), FALSE, R13,BH13,BN13,CL13,DD13,DM13) -> #REF!
A14: =Summary!A14 -> #REF! | B14: Student UUN: | C14: =Summary!B14 -> #REF! | E14: Total Mark: | F14: =Summary!C14 -> #REF! | G14: /Task 1 mark: | H14: =Summary!D14 -> #REF! | I14: /Task 2a mark: | J14: =Summary!E14 -> 5 | K14: /Task 2b mark: | L14: =Summary!F14 -> #REF! | M14: /Task 2c mark: | N14: =Summary!G14 -> #REF! | O14: /Task 3 mark: | P14: =Summary!H14 -> #REF! | Q14: . | R14: =_xlfn.TEXTJOIN(" ", FALSE, B14:Q14) -> #REF! | S14: [Details for Task 1:] | U14: /Question 1: | V14: =_xlfn.TEXTJOIN(" ", FALSE,#REF!) -> #REF! | X14: /Question 2: | Y14: =_xlfn.TEXTJOIN(" ", FALSE,#REF!) -> #REF! | AA14: /Question 5: | AB14: =_xlfn.TEXTJOIN(" ", FALSE,#REF!) -> #REF! | AD14: /Question 6: | AE14: =_xlfn.TEXTJOIN(" ", FALSE,#REF!) -> #REF! | AG14: /Question 7: | AH14: =_xlfn.TEXTJOIN(" ", FALSE,#REF!) -> #REF! | AJ14: /Question Table 1: | AK14: =_xlfn.TEXTJOIN(" ", FALSE,#REF!) -> #REF! | AM14: /Question Figure 2: | AN14: =_xlfn.TEXTJOIN(" ", FALSE,#REF!) -> #REF! | AP14: /Question 8: | AQ14: =_xlfn.TEXTJOIN(" ", FALSE,#REF!) -> #REF! | AS14: /Question 9: | AT14: =_xlfn.TEXTJOIN(" ", FALSE,#REF!) -> #REF! | AV14: /Question Table 2: | AW14: =_xlfn.TEXTJOIN(" ", FALSE,#REF!) -> #REF! | AY14: /Question Figure 3: | AZ14: =_xlfn.TEXTJOIN(" ", FALSE,#REF!) -> #REF! | BB14: /Question 10: | BC14: =_xlfn.TEXTJOIN(" ", FALSE,#REF!) -> #REF! | BE14: /Question 11: | BF14: =_xlfn.TEXTJOIN(" ", FALSE,#REF!) -> #REF! | BG14: . | BH14: =_xlfn.TEXTJOIN(" ", FALSE, S14:BG14) -> #REF! | BI14: [Details for Task 2a:] | BK14: /Question 12: | BL14: =_xlfn.TEXTJOIN(" ", FALSE, 'Task 2a - Mitigating the Proble'!U14:AC14) -> 1 0 0 0 0 1 0 0 | BM14: . | BN14: =_xlfn.TEXTJOIN(" ", FALSE, BI14:BM14) -> [Details for Task 2a:] /Question 12: 1 0 0 0 0 1 0 0 . | BO14: [Details for Task 2b:] | BQ14: /Fprop check for DropoutLayer: | BR14: =_xlfn.TEXTJOIN(" ", FALSE,#REF!) -> #REF! | BT14: /Bprop check for DropoutLayer: | BU14: =_xlfn.TEXTJOIN(" ", FALSE,#REF!) -> #REF! | BW14: /Call func for L1Penalty: | BX14: =_xlfn.TEXTJOIN(" ", FALSE,#REF!) -> #REF! | BZ14: /Grad check for L1Penalty: | CA14: =_xlfn.TEXTJOIN(" ", FALSE,#REF!) -> #REF! | CC14: /Call func for L2Penalty: | CD14: =_xlfn.TEXTJOIN(" ", FALSE,#REF!) -> #REF! | CF14: /Grad check for L2Penalty: | CG14: =_xlfn.TEXTJOIN(" ", FALSE,#REF!) -> #REF! | CI14: /Effort 2: means with test package 1: means with code but no test package 0: means no code or test package >> | CJ14: =_xlfn.TEXTJOIN(" ", FALSE,#REF!) -> #REF! | CK14: . | CL14: =_xlfn.TEXTJOIN(" ", FALSE, BO14:CK14) -> #REF! | CM14: [Details for Task 2c:] | CO14: /Question Table 3: | CP14: =_xlfn.TEXTJOIN(" ", FALSE,#REF!) -> #REF! | CR14: /Question Figure 4: | CS14: =_xlfn.TEXTJOIN(" ", FALSE,#REF!) -> #REF! | CU14: /Question 13: | CV14: =_xlfn.TEXTJOIN(" ", FALSE,#REF!) -> #REF! | CX14: /Question 14: | CY14: =_xlfn.TEXTJOIN(" ", FALSE,#REF!) -> #REF! | DA14: /Question 3: | DB14: =_xlfn.TEXTJOIN(" ", FALSE,#REF!) -> #REF! | DC14: . | DD14: =_xlfn.TEXTJOIN(" ", FALSE, CM14:DC14) -> #REF! | DE14: [Details for Task 3:] | DG14: /Question 15: | DH14: =_xlfn.TEXTJOIN(" ", FALSE,#REF!) -> #REF! | DJ14: /Question 4: | DK14: =_xlfn.TEXTJOIN(" ", FALSE,#REF!) -> #REF! | DL14: . | DM14: =_xlfn.TEXTJOIN(" ", FALSE, DE14:DL14) -> #REF! | DN14: =_xlfn.TEXTJOIN(CHAR(10), FALSE, R14,BH14,BN14,CL14,DD14,DM14) -> #REF!
A15: =Summary!A15 -> #REF! | B15: Student UUN: | C15: =Summary!B15 -> #REF! | E15: Total Mark: | F15: =Summary!C15 -> #REF! | G15: /Task 1 mark: | H15: =Summary!D15 -> #REF! | I15: /Task 2a mark: | J15: =Summary!E15 -> 5 | K15: /Task 2b mark: | L15: =Summary!F15 -> #REF! | M15: /Task 2c mark: | N15: =Summary!G15 -> #REF! | O15: /Task 3 mark: | P15: =Summary!H15 -> #REF! | Q15: . | R15: =_xlfn.TEXTJOIN(" ", FALSE, B15:Q15) -> #REF! | S15: [Details for Task 1:] | U15: /Question 1: | V15: =_xlfn.TEXTJOIN(" ", FALSE,#REF!) -> #REF! | X15: /Question 2: | Y15: =_xlfn.TEXTJOIN(" ", FALSE,#REF!) -> #REF! | AA15: /Question 5: | AB15: =_xlfn.TEXTJOIN(" ", FALSE,#REF!) -> #REF! | AD15: /Question 6: | AE15: =_xlfn.TEXTJOIN(" ", FALSE,#REF!) -> #REF! | AG15: /Question 7: | AH15: =_xlfn.TEXTJOIN(" ", FALSE,#REF!) -> #REF! | AJ15: /Question Table 1: | AK15: =_xlfn.TEXTJOIN(" ", FALSE,#REF!) -> #REF! | AM15: /Question Figure 2: | AN15: =_xlfn.TEXTJOIN(" ", FALSE,#REF!) -> #REF! | AP15: /Question 8: | AQ15: =_xlfn.TEXTJOIN(" ", FALSE,#REF!) -> #REF! | AS15: /Question 9: | AT15: =_xlfn.TEXTJOIN(" ", FALSE,#REF!) -> #REF! | AV15: /Question Table 2: | AW15: =_xlfn.TEXTJOIN(" ", FALSE,#REF!) -> #REF! | AY15: /Question Figure 3: | AZ15: =_xlfn.TEXTJOIN(" ", FALSE,#REF!) -> #REF! | BB15: /Question 10: | BC15: =_xlfn.TEXTJOIN(" ", FALSE,#REF!) -> #REF! | BE15: /Question 11: | BF15: =_xlfn.TEXTJOIN(" ", FALSE,#REF!) -> #REF! | BG15: . | BH15: =_xlfn.TEXTJOIN(" ", FALSE, S15:BG15) -> #REF! | BI15: [Details for Task 2a:] | BK15: /Question 12: | BL15: =_xlfn.TEXTJOIN(" ", FALSE, 'Task 2a - Mitigating the Proble'!U15:AC15) -> 1 0 0 0 0 1 0 0 | BM15: . | BN15: =_xlfn.TEXTJOIN(" ", FALSE, BI15:BM15) -> [Details for Task 2a:] /Question 12: 1 0 0 0 0 1 0 0 . | BO15: [Details for Task 2b:] | BQ15: /Fprop check for DropoutLayer: | BR15: =_xlfn.TEXTJOIN(" ", FALSE,#REF!) -> #REF! | BT15: /Bprop check for DropoutLayer: | BU15: =_xlfn.TEXTJOIN(" ", FALSE,#REF!) -> #REF! | BW15: /Call func for L1Penalty: | BX15: =_xlfn.TEXTJOIN(" ", FALSE,#REF!) -> #REF! | BZ15: /Grad check for L1Penalty: | CA15: =_xlfn.TEXTJOIN(" ", FALSE,#REF!) -> #REF! | CC15: /Call func for L2Penalty: | CD15: =_xlfn.TEXTJOIN(" ", FALSE,#REF!) -> #REF! | CF15: /Grad check for L2Penalty: | CG15: =_xlfn.TEXTJOIN(" ", FALSE,#REF!) -> #REF! | CI15: /Effort 2: means with test package 1: means with code but no test package 0: means no code or test package >> | CJ15: =_xlfn.TEXTJOIN(" ", FALSE,#REF!) -> #REF! | CK15: . | CL15: =_xlfn.TEXTJOIN(" ", FALSE, BO15:CK15) -> #REF! | CM15: [Details for Task 2c:] | CO15: /Question Table 3: | CP15: =_xlfn.TEXTJOIN(" ", FALSE,#REF!) -> #REF! | CR15: /Question Figure 4: | CS15: =_xlfn.TEXTJOIN(" ", FALSE,#REF!) -> #REF! | CU15: /Question 13: | CV15: =_xlfn.TEXTJOIN(" ", FALSE,#REF!) -> #REF! | CX15: /Question 14: | CY15: =_xlfn.TEXTJOIN(" ", FALSE,#REF!) -> #REF! | DA15: /Question 3: | DB15: =_xlfn.TEXTJOIN(" ", FALSE,#REF!) -> #REF! | DC15: . | DD15: =_xlfn.TEXTJOIN(" ", FALSE, CM15:DC15) -> #REF! | DE15: [Details for Task 3:] | DG15: /Question 15: | DH15: =_xlfn.TEXTJOIN(" ", FALSE,#REF!) -> #REF! | DJ15: /Question 4: | DK15: =_xlfn.TEXTJOIN(" ", FALSE,#REF!) -> #REF! | DL15: . | DM15: =_xlfn.TEXTJOIN(" ", FALSE, DE15:DL15) -> #REF! | DN15: =_xlfn.TEXTJOIN(CHAR(10), FALSE, R15,BH15,BN15,CL15,DD15,DM15) -> #REF!
A16: =Summary!A16 -> #REF! | B16: Student UUN: | C16: =Summary!B16 -> #REF! | E16: Total Mark: | F16: =Summary!C16 -> #REF! | G16: /Task 1 mark: | H16: =Summary!D16 -> #REF! | I16: /Task 2a mark: | J16: =Summary!E16 -> 6 | K16: /Task 2b mark: | L16: =Summary!F16 -> #REF! | M16: /Task 2c mark: | N16: =Summary!G16 -> #REF! | O16: /Task 3 mark: | P16: =Summary!H16 -> #REF! | Q16: . | R16: =_xlfn.TEXTJOIN(" ", FALSE, B16:Q16) -> #REF! | S16: [Details for Task 1:] | U16: /Question 1: | V16: =_xlfn.TEXTJOIN(" ", FALSE,#REF!) -> #REF! | X16: /Question 2: | Y16: =_xlfn.TEXTJOIN(" ", FALSE,#REF!) -> #REF! | AA16: /Question 5: | AB16: =_xlfn.TEXTJOIN(" ", FALSE,#REF!) -> #REF! | AD16: /Question 6: | AE16: =_xlfn.TEXTJOIN(" ", FALSE,#REF!) -> #REF! | AG16: /Question 7: | AH16: =_xlfn.TEXTJOIN(" ", FALSE,#REF!) -> #REF! | AJ16: /Question Table 1: | AK16: =_xlfn.TEXTJOIN(" ", FALSE,#REF!) -> #REF! | AM16: /Question Figure 2: | AN16: =_xlfn.TEXTJOIN(" ", FALSE,#REF!) -> #REF! | AP16: /Question 8: | AQ16: =_xlfn.TEXTJOIN(" ", FALSE,#REF!) -> #REF! | AS16: /Question 9: | AT16: =_xlfn.TEXTJOIN(" ", FALSE,#REF!) -> #REF! | AV16: /Question Table 2: | AW16: =_xlfn.TEXTJOIN(" ", FALSE,#REF!) -> #REF! | AY16: /Question Figure 3: | AZ16: =_xlfn.TEXTJOIN(" ", FALSE,#REF!) -> #REF! | BB16: /Question 10: | BC16: =_xlfn.TEXTJOIN(" ", FALSE,#REF!) -> #REF! | BE16: /Question 11: | BF16: =_xlfn.TEXTJOIN(" ", FALSE,#REF!) -> #REF! | BG16: . | BH16: =_xlfn.TEXTJOIN(" ", FALSE, S16:BG16) -> #REF! | BI16: [Details for Task 2a:] | BK16: /Question 12: | BL16: =_xlfn.TEXTJOIN(" ", FALSE, 'Task 2a - Mitigating the Proble'!U16:AC16) -> 1 1 0 0 0 1 0 0 | BM16: . | BN16: =_xlfn.TEXTJOIN(" ", FALSE, BI16:BM16) -> [Details for Task 2a:] /Question 12: 1 1 0 0 0 1 0 0 . | BO16: [Details for Task 2b:] | BQ16: /Fprop check for DropoutLayer: | BR16: =_xlfn.TEXTJOIN(" ", FALSE,#REF!) -> #REF! | BT16: /Bprop check for DropoutLayer: | BU16: =_xlfn.TEXTJOIN(" ", FALSE,#REF!) -> #REF! | BW16: /Call func for L1Penalty: | BX16: =_xlfn.TEXTJOIN(" ", FALSE,#REF!) -> #REF! | BZ16: /Grad check for L1Penalty: | CA16: =_xlfn.TEXTJOIN(" ", FALSE,#REF!) -> #REF! | CC16: /Call func for L2Penalty: | CD16: =_xlfn.TEXTJOIN(" ", FALSE,#REF!) -> #REF! | CF16: /Grad check for L2Penalty: | CG16: =_xlfn.TEXTJOIN(" ", FALSE,#REF!) -> #REF! | CI16: /Effort 2: means with test package 1: means with code but no test package 0: means no code or test package >> | CJ16: =_xlfn.TEXTJOIN(" ", FALSE,#REF!) -> #REF! | CK16: . | CL16: =_xlfn.TEXTJOIN(" ", FALSE, BO16:CK16) -> #REF! | CM16: [Details for Task 2c:] | CO16: /Question Table 3: | CP16: =_xlfn.TEXTJOIN(" ", FALSE,#REF!) -> #REF! | CR16: /Question Figure 4: | CS16: =_xlfn.TEXTJOIN(" ", FALSE,#REF!) -> #REF! | CU16: /Question 13: | CV16: =_xlfn.TEXTJOIN(" ", FALSE,#REF!) -> #REF! | CX16: /Question 14: | CY16: =_xlfn.TEXTJOIN(" ", FALSE,#REF!) -> #REF! | DA16: /Question 3: | DB16: =_xlfn.TEXTJOIN(" ", FALSE,#REF!) -> #REF! | DC16: . | DD16: =_xlfn.TEXTJOIN(" ", FALSE, CM16:DC16) -> #REF! | DE16: [Details for Task 3:] | DG16: /Question 15: | DH16: =_xlfn.TEXTJOIN(" ", FALSE,#REF!) -> #REF! | DJ16: /Question 4: | DK16: =_xlfn.TEXTJOIN(" ", FALSE,#REF!) -> #REF! | DL16: . | DM16: =_xlfn.TEXTJOIN(" ", FALSE, DE16:DL16) -> #REF! | DN16: =_xlfn.TEXTJOIN(CHAR(10), FALSE, R16,BH16,BN16,CL16,DD16,DM16) -> #REF!
A17: =Summary!A17 -> #REF! | B17: Student UUN: | C17: =Summary!B17 -> #REF! | E17: Total Mark: | F17: =Summary!C17 -> 40 | G17: /Task 1 mark: | H17: =Summary!D17 -> #REF! | I17: /Task 2a mark: | J17: =Summary!E17 -> 5 | K17: /Task 2b mark: | L17: =Summary!F17 -> #REF! | M17: /Task 2c mark: | N17: =Summary!G17 -> #REF! | O17: /Task 3 mark: | P17: =Summary!H17 -> #REF! | Q17: . | R17: =_xlfn.TEXTJOIN(" ", FALSE, B17:Q17) -> #REF! | S17: [Details for Task 1:] | U17: /Question 1: | V17: =_xlfn.TEXTJOIN(" ", FALSE,#REF!) -> #REF! | X17: /Question 2: | Y17: =_xlfn.TEXTJOIN(" ", FALSE,#REF!) -> #REF! | AA17: /Question 5: | AB17: =_xlfn.TEXTJOIN(" ", FALSE,#REF!) -> #REF! | AD17: /Question 6: | AE17: =_xlfn.TEXTJOIN(" ", FALSE,#REF!) -> #REF! | AG17: /Question 7: | AH17: =_xlfn.TEXTJOIN(" ", FALSE,#REF!) -> #REF! | AJ17: /Question Table 1: | AK17: =_xlfn.TEXTJOIN(" ", FALSE,#REF!) -> #REF! | AM17: /Question Figure 2: | AN17: =_xlfn.TEXTJOIN(" ", FALSE,#REF!) -> #REF! | AP17: /Question 8: | AQ17: =_xlfn.TEXTJOIN(" ", FALSE,#REF!) -> #REF! | AS17: /Question 9: | AT17: =_xlfn.TEXTJOIN(" ", FALSE,#REF!) -> #REF! | AV17: /Question Table 2: | AW17: =_xlfn.TEXTJOIN(" ", FALSE,#REF!) -> #REF! | AY17: /Question Figure 3: | AZ17: =_xlfn.TEXTJOIN(" ", FALSE,#REF!) -> #REF! | BB17: /Question 10: | BC17: =_xlfn.TEXTJOIN(" ", FALSE,#REF!) -> #REF! | BE17: /Question 11: | BF17: =_xlfn.TEXTJOIN(" ", FALSE,#REF!) -> #REF! | BG17: . | BH17: =_xlfn.TEXTJOIN(" ", FALSE, S17:BG17) -> #REF! | BI17: [Details for Task 2a:] | BK17: /Question 12: | BL17: =_xlfn.TEXTJOIN(" ", FALSE, 'Task 2a - Mitigating the Proble'!U17:AC17) -> 1 0 0 0 0 1 0 0 | BM17: . | BN17: =_xlfn.TEXTJOIN(" ", FALSE, BI17:BM17) -> [Details for Task 2a:] /Question 12: 1 0 0 0 0 1 0 0 . | BO17: [Details for Task 2b:] | BQ17: /Fprop check for DropoutLayer: | BR17: =_xlfn.TEXTJOIN(" ", FALSE,#REF!) -> #REF! | BT17: /Bprop check for DropoutLayer: | BU17: =_xlfn.TEXTJOIN(" ", FALSE,#REF!) -> #REF! | BW17: /Call func for L1Penalty: | BX17: =_xlfn.TEXTJOIN(" ", FALSE,#REF!) -> #REF! | BZ17: /Grad check for L1Penalty: | CA17: =_xlfn.TEXTJOIN(" ", FALSE,#REF!) -> #REF! | CC17: /Call func for L2Penalty: | CD17: =_xlfn.TEXTJOIN(" ", FALSE,#REF!) -> #REF! | CF17: /Grad check for L2Penalty: | CG17: =_xlfn.TEXTJOIN(" ", FALSE,#REF!) -> #REF! | CI17: /Effort 2: means with test package 1: means with code but no test package 0: means no code or test package >> | CJ17: =_xlfn.TEXTJOIN(" ", FALSE,#REF!) -> #REF! | CK17: . | CL17: =_xlfn.TEXTJOIN(" ", FALSE, BO17:CK17) -> #REF! | CM17: [Details for Task 2c:] | CO17: /Question Table 3: | CP17: =_xlfn.TEXTJOIN(" ", FALSE,#REF!) -> #REF! | CR17: /Question Figure 4: | CS17: =_xlfn.TEXTJOIN(" ", FALSE,#REF!) -> #REF! | CU17: /Question 13: | CV17: =_xlfn.TEXTJOIN(" ", FALSE,#REF!) -> #REF! | CX17: /Question 14: | CY17: =_xlfn.TEXTJOIN(" ", FALSE,#REF!) -> #REF! | DA17: /Question 3: | DB17: =_xlfn.TEXTJOIN(" ", FALSE,#REF!) -> #REF! | DC17: . | DD17: =_xlfn.TEXTJOIN(" ", FALSE, CM17:DC17) -> #REF! | DE17: [Details for Task 3:] | DG17: /Question 15: | DH17: =_xlfn.TEXTJOIN(" ", FALSE,#REF!) -> #REF! | DJ17: /Question 4: | DK17: =_xlfn.TEXTJOIN(" ", FALSE,#REF!) -> #REF! | DL17: . | DM17: =_xlfn.TEXTJOIN(" ", FALSE, DE17:DL17) -> #REF! | DN17: =_xlfn.TEXTJOIN(CHAR(10), FALSE, R17,BH17,BN17,CL17,DD17,DM17) -> #REF!
A18: =Summary!A18 -> #REF! | B18: Student UUN: | C18: =Summary!B18 -> #REF! | E18: Total Mark: | F18: =Summary!C18 -> #REF! | G18: /Task 1 mark: | H18: =Summary!D18 -> #REF! | I18: /Task 2a mark: | J18: =Summary!E18 -> 7 | K18: /Task 2b mark: | L18: =Summary!F18 -> #REF! | M18: /Task 2c mark: | N18: =Summary!G18 -> #REF! | O18: /Task 3 mark: | P18: =Summary!H18 -> #REF! | Q18: . | R18: =_xlfn.TEXTJOIN(" ", FALSE, B18:Q18) -> #REF! | S18: [Details for Task 1:] | U18: /Question 1: | V18: =_xlfn.TEXTJOIN(" ", FALSE,#REF!) -> #REF! | X18: /Question 2: | Y18: =_xlfn.TEXTJOIN(" ", FALSE,#REF!) -> #REF! | AA18: /Question 5: | AB18: =_xlfn.TEXTJOIN(" ", FALSE,#REF!) -> #REF! | AD18: /Question 6: | AE18: =_xlfn.TEXTJOIN(" ", FALSE,#REF!) -> #REF! | AG18: /Question 7: | AH18: =_xlfn.TEXTJOIN(" ", FALSE,#REF!) -> #REF! | AJ18: /Question Table 1: | AK18: =_xlfn.TEXTJOIN(" ", FALSE,#REF!) -> #REF! | AM18: /Question Figure 2: | AN18: =_xlfn.TEXTJOIN(" ", FALSE,#REF!) -> #REF! | AP18: /Question 8: | AQ18: =_xlfn.TEXTJOIN(" ", FALSE,#REF!) -> #REF! | AS18: /Question 9: | AT18: =_xlfn.TEXTJOIN(" ", FALSE,#REF!) -> #REF! | AV18: /Question Table 2: | AW18: =_xlfn.TEXTJOIN(" ", FALSE,#REF!) -> #REF! | AY18: /Question Figure 3: | AZ18: =_xlfn.TEXTJOIN(" ", FALSE,#REF!) -> #REF! | BB18: /Question 10: | BC18: =_xlfn.TEXTJOIN(" ", FALSE,#REF!) -> #REF! | BE18: /Question 11: | BF18: =_xlfn.TEXTJOIN(" ", FALSE,#REF!) -> #REF! | BG18: . | BH18: =_xlfn.TEXTJOIN(" ", FALSE, S18:BG18) -> #REF! | BI18: [Details for Task 2a:] | BK18: /Question 12: | BL18: =_xlfn.TEXTJOIN(" ", FALSE, 'Task 2a - Mitigating the Proble'!U18:AC18) -> 1 1 1 1 0 1 0 0 | BM18: . | BN18: =_xlfn.TEXTJOIN(" ", FALSE, BI18:BM18) -> [Details for Task 2a:] /Question 12: 1 1 1 1 0 1 0 0 . | BO18: [Details for Task 2b:] | BQ18: /Fprop check for DropoutLayer: | BR18: =_xlfn.TEXTJOIN(" ", FALSE,#REF!) -> #REF! | BT18: /Bprop check for DropoutLayer: | BU18: =_xlfn.TEXTJOIN(" ", FALSE,#REF!) -> #REF! | BW18: /Call func for L1Penalty: | BX18: =_xlfn.TEXTJOIN(" ", FALSE,#REF!) -> #REF! | BZ18: /Grad check for L1Penalty: | CA18: =_xlfn.TEXTJOIN(" ", FALSE,#REF!) -> #REF! | CC18: /Call func for L2Penalty: | CD18: =_xlfn.TEXTJOIN(" ", FALSE,#REF!) -> #REF! | CF18: /Grad check for L2Penalty: | CG18: =_xlfn.TEXTJOIN(" ", FALSE,#REF!) -> #REF! | CI18: /Effort 2: means with test package 1: means with code but no test package 0: means no code or test package >> | CJ18: =_xlfn.TEXTJOIN(" ", FALSE,#REF!) -> #REF! | CK18: . | CL18: =_xlfn.TEXTJOIN(" ", FALSE, BO18:CK18) -> #REF! | CM18: [Details for Task 2c:] | CO18: /Question Table 3: | CP18: =_xlfn.TEXTJOIN(" ", FALSE,#REF!) -> #REF! | CR18: /Question Figure 4: | CS18: =_xlfn.TEXTJOIN(" ", FALSE,#REF!) -> #REF! | CU18: /Question 13: | CV18: =_xlfn.TEXTJOIN(" ", FALSE,#REF!) -> #REF! | CX18: /Question 14: | CY18: =_xlfn.TEXTJOIN(" ", FALSE,#REF!) -> #REF! | DA18: /Question 3: | DB18: =_xlfn.TEXTJOIN(" ", FALSE,#REF!) -> #REF! | DC18: . | DD18: =_xlfn.TEXTJOIN(" ", FALSE, CM18:DC18) -> #REF! | DE18: [Details for Task 3:] | DG18: /Question 15: | DH18: =_xlfn.TEXTJOIN(" ", FALSE,#REF!) -> #REF! | DJ18: /Question 4: | DK18: =_xlfn.TEXTJOIN(" ", FALSE,#REF!) -> #REF! | DL18: . | DM18: =_xlfn.TEXTJOIN(" ", FALSE, DE18:DL18) -> #REF! | DN18: =_xlfn.TEXTJOIN(CHAR(10), FALSE, R18,BH18,BN18,CL18,DD18,DM18) -> #REF!
... A213: =Summary!A213 -> #REF! | B213: Student UUN: | C213: =Summary!B213 -> #REF! | E213: Total Mark: | F213: =Summary!C213 -> 0 | G213: /Task 1 mark: | H213: =Summary!D213 -> 0 | I213: /Task 2a mark: | J213: =Summary!E213 -> 0 | K213: /Task 2b mark: | L213: =Summary!F213 -> 0 | M213: /Task 2c mark: | N213: =Summary!G213 -> 0 | O213: /Task 3 mark: | P213: =Summary!H213 -> 0 | Q213: . | R213: =_xlfn.TEXTJOIN(" ", FALSE, B213:Q213) -> #REF! | S213: [Details for Task 1:] | U213: /Question 1: | V213: =_xlfn.TEXTJOIN(" ", FALSE,#REF!) -> #REF! | X213: /Question 2: | Y213: =_xlfn.TEXTJOIN(" ", FALSE,#REF!) -> #REF! | AA213: /Question 5: | AB213: =_xlfn.TEXTJOIN(" ", FALSE,#REF!) -> #REF! | AD213: /Question 6: | AE213: =_xlfn.TEXTJOIN(" ", FALSE,#REF!) -> #REF! | AG213: /Question 7: | AH213: =_xlfn.TEXTJOIN(" ", FALSE,#REF!) -> #REF! | AJ213: /Question Table 1: | AK213: =_xlfn.TEXTJOIN(" ", FALSE,#REF!) -> #REF! | AM213: /Question Figure 2: | AN213: =_xlfn.TEXTJOIN(" ", FALSE,#REF!) -> #REF! | AP213: /Question 8: | AQ213: =_xlfn.TEXTJOIN(" ", FALSE,#REF!) -> #REF! | AS213: /Question 9: | AT213: =_xlfn.TEXTJOIN(" ", FALSE,#REF!) -> #REF! | AV213: /Question Table 2: | AW213: =_xlfn.TEXTJOIN(" ", FALSE,#REF!) -> #REF! | AY213: /Question Figure 3: | AZ213: =_xlfn.TEXTJOIN(" ", FALSE,#REF!) -> #REF! | BB213: /Question 10: | BC213: =_xlfn.TEXTJOIN(" ", FALSE,#REF!) -> #REF! | BE213: /Question 11: | BF213: =_xlfn.TEXTJOIN(" ", FALSE,#REF!) -> #REF! | BG213: . | BH213: =_xlfn.TEXTJOIN(" ", FALSE, S213:BG213) -> #REF! | BI213: [Details for Task 2a:] | BK213: /Question 12: | BL213: =_xlfn.TEXTJOIN(" ", FALSE, 'Task 2a - Mitigating the Proble'!U213:AC213) | BM213: . | BN213: =_xlfn.TEXTJOIN(" ", FALSE, BI213:BM213) -> [Details for Task 2a:] /Question 12: . | BO213: [Details for Task 2b:] | BQ213: /Fprop check for DropoutLayer: | BR213: =_xlfn.TEXTJOIN(" ", FALSE,#REF!) -> #REF! | BT213: /Bprop check for DropoutLayer: | BU213: =_xlfn.TEXTJOIN(" ", FALSE,#REF!) -> #REF! | BW213: /Call func for L1Penalty: | BX213: =_xlfn.TEXTJOIN(" ", FALSE,#REF!) -> #REF! | BZ213: /Grad check for L1Penalty: | CA213: =_xlfn.TEXTJOIN(" ", FALSE,#REF!) -> #REF! | CC213: /Call func for L2Penalty: | CD213: =_xlfn.TEXTJOIN(" ", FALSE,#REF!) -> #REF! | CF213: /Grad check for L2Penalty: | CG213: =_xlfn.TEXTJOIN(" ", FALSE,#REF!) -> #REF! | CI213: /Effort 2: means with test package 1: means with code but no test package 0: means no code or test package >> | CJ213: =_xlfn.TEXTJOIN(" ", FALSE,#REF!) -> #REF! | CK213: . | CL213: =_xlfn.TEXTJOIN(" ", FALSE, BO213:CK213) -> #REF! | CM213: [Details for Task 2c:] | CO213: /Question Table 3: | CP213: =_xlfn.TEXTJOIN(" ", FALSE,#REF!) -> #REF! | CR213: /Question Figure 4: | CS213: =_xlfn.TEXTJOIN(" ", FALSE,#REF!) -> #REF! | CU213: /Question 13: | CV213: =_xlfn.TEXTJOIN(" ", FALSE,#REF!) -> #REF! | CX213: /Question 14: | CY213: =_xlfn.TEXTJOIN(" ", FALSE,#REF!) -> #REF! | DA213: /Question 3: | DB213: =_xlfn.TEXTJOIN(" ", FALSE,#REF!) -> #REF! | DC213: . | DD213: =_xlfn.TEXTJOIN(" ", FALSE, CM213:DC213) -> #REF! | DE213: [Details for Task 3:] | DG213: /Question 15: | DH213: =_xlfn.TEXTJOIN(" ", FALSE,#REF!) -> #REF! | DJ213: /Question 4: | DK213: =_xlfn.TEXTJOIN(" ", FALSE,#REF!) -> #REF! | DL213: . | DM213: =_xlfn.TEXTJOIN(" ", FALSE, DE213:DL213) -> #REF! | DN213: =_xlfn.TEXTJOIN(CHAR(10), FALSE, R213,BH213,BN213,CL213,DD213,DM213) -> #REF!
C215: 22-23 stats for comparison
C216: Average | F216: 67.71 | H216: 14.32 | J216: 5.15 | L216: 19.2 | N216: 20.86 | P216: 8.18
C217: STD | F217: 9.29 | H217: 1.55 | J217: 1.56 | L217: 3.5 | N217: 5.43 | P217: 2.04
C218: Minimum | F218: 13 | H218: 11 | J218: 0 | L218: 0 | N218: 0 | P218: 0
C219: Maximum | F219: 84 | H219: 19 | J219: 9 | L219: 20 | N219: 35 | P219: 15
C221: Auto-Collating
C223: [0,10) | F223: 0
C224: [10,20) | F224: 1
C225: [20,30) | F225: 1
C226: [30,40) | F226: 2
C227: [40,50) | F227: 1
C228: [50,60) | F228: 16
C229: [60,70) | F229: 69
C230: [70,80) | F230: 74
C231: [80,90) | F231: 8
C232: [90,100] | F232: 0

Sheet Paste for Upload
A1: s1745576 | B1: 67 | C1: Student UUN: s1745576 Total Mark: 67 /Task 1 mark: 15 /Task 2a mark: 7 /Task 2b mark: 20 /Task 2c mark: 17 /Task 3 mark: 8 . [Details for Task 1:] /Question 1: 1 1 1 /Question 2: 1 0 /Question 5: 1 0 0 /Question 6: 0 1 0 1 0 /Question 7: 1 1 1 1 1 /Question Table 1: 1 /Question Figure 2: 1 /Question 8: 1 1 /Question 9: 1 1 1 1 0 /Question Table 2: 1 /Question Figure 3: 1 /Question 10: 1 1 /Question 11: 1 1 1 1 0 . [Details for Task 2a:] /Question 12: 1 1 0 0 1 1 1 0 . [Details for Task 2b:] /Fprop check for DropoutLayer: 1 /Bprop check for DropoutLayer: 1 /Call func for L1Penalty: 1 /Grad check for L1Penalty: 1 /Call func for L2Penalty: 1 /Grad check for L2Penalty: 1 /Effort 2: means with test package 1: means with code but no test package 0: means no code or test package >> 2 . [Details for Task 2c:] /Question Table 3: 1 /Question Figure 4: 1 /Question 13: 1 1 0 0 0 1 0 0 0 0 0 /Question 14: 1 1 1 0 0 0 0 0 0 /Question 3: 1 1 . [Details for Task 3:] /Question 15: 1 0 0 1 1 0 0 0 1 0 0 /Question 4: 0 1 .
A2: s1756028 | B2: 50 | C2: Student UUN: s1756028 Total Mark: 50 /Task 1 mark: 12 /Task 2a mark: 5 /Task 2b mark: 5 /Task 2c mark: 17 /Task 3 mark: 8 . [Details for Task 1:] /Question 1: 1 1 1 /Question 2: 1 0 /Question 5: 1 1 0 /Question 6: 0 1 0 1 0 /Question 7: 1 1 0 0 0 /Question Table 1: 1 /Question Figure 2: 0 /Question 8: 0 0 /Question 9: 1 0 0 1 0 /Question Table 2: 1 /Question Figure 3: 0 /Question 10: 0 0 /Question 11: 1 0 0 1 0 . [Details for Task 2a:] /Question 12: 0 0 1 0 0 1 0 0 . [Details for Task 2b:] /Fprop check for DropoutLayer: 0 /Bprop check for DropoutLayer: 0 /Call func for L1Penalty: 0 /Grad check for L1Penalty: 0 /Call func for L2Penalty: 0 /Grad check for L2Penalty: 0 /Effort 2: means with test package 1: means with code but no test package 0: means no code or test package >> 1 . [Details for Task 2c:] /Question Table 3: 1 /Question Figure 4: 0 /Question 13: 1 0 1 0 0 1 0 0 0 0 0 /Question 14: 0 0 0 0 0 0 0 0 0 /Question 3: 1 1 . [Details for Task 3:] /Question 15: 1 0 0 1 1 0 0 0 1 0 0 /Question 4: 1 1 .
A3: s1804274 | B3: 67 | C3: Student UUN: s1804274 Total Mark: 67 /Task 1 mark: 12 /Task 2a mark: 6 /Task 2b mark: 20 /Task 2c mark: 21 /Task 3 mark: 8 . [Details for Task 1:] /Question 1: 1 1 1 /Question 2: 1 0 /Question 5: 1 1 0 /Question 6: 0 1 1 1 0 /Question 7: 1 1 1 0 0 /Question Table 1: 1 /Question Figure 2: 1 /Question 8: 1 1 /Question 9: 1 0 1 0 0 /Question Table 2: 1 /Question Figure 3: 1 /Question 10: 1 1 /Question 11: 1 0 0 0 0 . [Details for Task 2a:] /Question 12: 1 0 1 0 0 1 0 0 . [Details for Task 2b:] /Fprop check for DropoutLayer: 1 /Bprop check for DropoutLayer: 1 /Call func for L1Penalty: 1 /Grad check for L1Penalty: 1 /Call func for L2Penalty: 1 /Grad check for L2Penalty: 1 /Effort 2: means with test package 1: means with code but no test package 0: means no code or test package >> 2 . [Details for Task 2c:] /Question Table 3: 1 /Question Figure 4: 1 /Question 13: 1 0 1 1 1 1 0 0 0 0 0 /Question 14: 1 1 0 1 1 1 0 1 0 /Question 3: 1 1 . [Details for Task 3:] /Question 15: 1 0 0 1 1 0 0 0 1 0 0 /Question 4: 1 1 .
A4: s1820544 | B4: 75 | C4: Student UUN: s1820544 Total Mark: 75 /Task 1 mark: 12 /Task 2a mark: 5 /Task 2b mark: 20 /Task 2c mark: 27 /Task 3 mark: 11 . [Details for Task 1:] /Question 1: 1 1 1 /Question 2: 1 0 /Question 5: 1 0 0 /Question 6: 0 0 1 1 0 /Question 7: 1 1 0 1 1 /Question Table 1: 1 /Question Figure 2: 1 /Question 8: 1 1 /Question 9: 1 1 0 1 0 /Question Table 2: 1 /Question Figure 3: 1 /Question 10: 1 1 /Question 11: 1 0 0 0 0 . [Details for Task 2a:] /Question 12: 1 0 0 0 0 1 0 0 . [Details for Task 2b:] /Fprop check for DropoutLayer: 1 /Bprop check for DropoutLayer: 1 /Call func for L1Penalty: 1 /Grad check for L1Penalty: 1 /Call func for L2Penalty: 1 /Grad check for L2Penalty: 1 /Effort 2: means with test package 1: means with code but no test package 0: means no code or test package >> 2 . [Details for Task 2c:] /Question Table 3: 1 /Question Figure 4: 1 /Question 13: 1 1 1 1 0 1 1 1 1 0 0 /Question 14: 1 1 1 1 1 1 0 1 0 /Question 3: 1 1 . [Details for Task 3:] /Question 15: 1 1 0 1 1 1 1 0 1 0 0 /Question 4: 1 1 .
A5: s1858933 | B5: 74 | C5: Student UUN: s1858933 Total Mark: 74 /Task 1 mark: 16 /Task 2a mark: 6 /Task 2b mark: 20 /Task 2c mark: 24 /Task 3 mark: 8 . [Details for Task 1:] /Question 1: 1 1 1 /Question 2: 1 0 /Question 5: 1 0 0 /Question 6: 1 1 1 1 0 /Question 7: 1 1 1 1 1 /Question Table 1: 1 /Question Figure 2: 1 /Question 8: 1 1 /Question 9: 1 1 1 0 0 /Question Table 2: 1 /Question Figure 3: 1 /Question 10: 1 1 /Question 11: 1 1 1 1 0 need to use reference correctly . [Details for Task 2a:] /Question 12: 1 0 1 0 0 1 0 0 . [Details for Task 2b:] /Fprop check for DropoutLayer: 1 /Bprop check for DropoutLayer: 1 /Call func for L1Penalty: 1 /Grad check for L1Penalty: 1 /Call func for L2Penalty: 1 /Grad check for L2Penalty: 1 /Effort 2: means with test package 1: means with code but no test package 0: means no code or test package >> 2 . [Details for Task 2c:] /Question Table 3: 1 /Question Figure 4: 1 /Question 13: 1 1 1 1 0 1 0 1 1 0 0 /Question 14: 1 1 1 1 1 1 0 0 0 /Question 3: 1 1 . [Details for Task 3:] /Question 15: 1 0 0 1 1 0 0 0 1 0 0 /Question 4: 1 1 .
A6: s1862623 | B6: 76 | C6: Student UUN: s1862623 Total Mark: 76 /Task 1 mark: 14 /Task 2a mark: 7 /Task 2b mark: 20 /Task 2c mark: 24 /Task 3 mark: 11 . [Details for Task 1:] /Question 1: 1 1 1 /Question 2: 0 0 /Question 5: 0 0 0 /Question 6: 0 1 1 0 0 /Question 7: 1 1 1 1 1 /Question Table 1: 1 /Question Figure 2: 1 /Question 8: 1 1 /Question 9: 1 1 1 1 0 /Question Table 2: 1 /Question Figure 3: 1 /Question 10: 1 1 /Question 11: 1 1 1 1 0 . [Details for Task 2a:] /Question 12: 1 1 1 1 0 1 0 0 . [Details for Task 2b:] /Fprop check for DropoutLayer: 1 /Bprop check for DropoutLayer: 1 /Call func for L1Penalty: 1 /Grad check for L1Penalty: 1 /Call func for L2Penalty: 1 /Grad check for L2Penalty: 1 /Effort 2: means with test package 1: means with code but no test package 0: means no code or test package >> 2 . [Details for Task 2c:] /Question Table 3: 1 /Question Figure 4: 1 /Question 13: 1 1 1 1 1 1 1 0 0 0 0 /Question 14: 1 1 1 1 1 1 0 0 0 /Question 3: 1 1 . [Details for Task 3:] /Question 15: 1 1 1 1 1 0 0 0 1 1 0 /Question 4: 1 1 .
A7: s1864499 | B7: 74 | C7: Student UUN: s1864499 Total Mark: 74 /Task 1 mark: 14 /Task 2a mark: 7 /Task 2b mark: 20 /Task 2c mark: 23 /Task 3 mark: 10 . [Details for Task 1:] /Question 1: 1 1 1 /Question 2: 1 0 /Question 5: 1 0 0 /Question 6: 0 1 0 0 0 /Question 7: 1 1 1 1 1 /Question Table 1: 1 /Question Figure 2: 1 /Question 8: 1 1 /Question 9: 1 1 1 1 0 /Question Table 2: 1 /Question Figure 3: 1 /Question 10: 1 1 /Question 11: 1 1 1 0 0 . [Details for Task 2a:] /Question 12: 1 1 1 1 0 1 0 0 . [Details for Task 2b:] /Fprop check for DropoutLayer: 1 /Bprop check for DropoutLayer: 1 /Call func for L1Penalty: 1 /Grad check for L1Penalty: 1 /Call func for L2Penalty: 1 /Grad check for L2Penalty: 1 /Effort 2: means with test package 1: means with code but no test package 0: means no code or test package >> 2 . [Details for Task 2c:] /Question Table 3: 1 /Question Figure 4: 1 /Question 13: 1 1 1 1 0 1 1 0 0 0 0 /Question 14: 1 1 1 1 1 1 0 0 0 /Question 3: 1 1 . [Details for Task 3:] /Question 15: 1 0 0 1 1 1 1 0 1 0 0 /Question 4: 1 1 .
A8: s1910638 | B8: 63 | C8: Student UUN: s1910638 Total Mark: 63 /Task 1 mark: 13 /Task 2a mark: 5 /Task 2b mark: 20 /Task 2c mark: 17 /Task 3 mark: 8 . [Details for Task 1:] /Question 1: 1 1 1 /Question 2: 1 0 /Question 5: 1 0 0 /Question 6: 1 1 1 1 0 /Question 7: 1 1 1 1 1 /Question Table 1: 1 /Question Figure 2: 1 /Question 8: 1 1 /Question 9: 1 0 0 1 0 /Question Table 2: 1 /Question Figure 3: 1 /Question 10: 0 0 /Question 11: 1 0 0 1 0 . [Details for Task 2a:] /Question 12: 1 0 0 0 0 1 0 0 . [Details for Task 2b:] /Fprop check for DropoutLayer: 1 /Bprop check for DropoutLayer: 1 /Call func for L1Penalty: 1 /Grad check for L1Penalty: 1 /Call func for L2Penalty: 1 /Grad check for L2Penalty: 1 /Effort 2: means with test package 1: means with code but no test package 0: means no code or test package >> 2 . [Details for Task 2c:] /Question Table 3: 1 /Question Figure 4: 1 /Question 13: 1 0 0 0 0 1 0 0 0 0 0 /Question 14: 1 1 1 1 0 1 0 0 0 /Question 3: 1 1 . [Details for Task 3:] /Question 15: 1 0 0 1 1 0 0 0 1 0 0 /Question 4: 1 1 .
A9: s1911298 | B9: 67 | C9: Student UUN: s1911298 Total Mark: 67 /Task 1 mark: 14 /Task 2a mark: 5 /Task 2b mark: 20 /Task 2c mark: 18 /Task 3 mark: 10 . [Details for Task 1:] /Question 1: 1 1 1 /Question 2: 1 0 /Question 5: 1 0 0 /Question 6: 0 0 0 1 0 /Question 7: 1 1 1 1 1 /Question Table 1: 1 /Question Figure 2: 1 /Question 8: 1 1 /Question 9: 1 1 1 1 0 /Question Table 2: 1 /Question Figure 3: 1 /Question 10: 1 1 /Question 11: 1 1 1 0 0 . [Details for Task 2a:] /Question 12: 1 0 0 0 0 1 0 0 . [Details for Task 2b:] /Fprop check for DropoutLayer: 1 /Bprop check for DropoutLayer: 1 /Call func for L1Penalty: 1 /Grad check for L1Penalty: 1 /Call func for L2Penalty: 1 /Grad check for L2Penalty: 1 /Effort 2: means with test package 1: means with code but no test package 0: means no code or test package >> 2 . [Details for Task 2c:] /Question Table 3: 1 /Question Figure 4: 1 /Question 13: 1 1 1 1 0 1 1 0 0 0 0 /Question 14: 1 1 0 1 0 0 0 0 0 /Question 3: 1 1 . [Details for Task 3:] /Question 15: 1 1 0 1 1 0 0 0 1 1 0 /Question 4: 1 1 .
A10: s1911723 | B10: 62 | C10: Student UUN: s1911723 Total Mark: 62 /Task 1 mark: 11 /Task 2a mark: 6 /Task 2b mark: 20 /Task 2c mark: 17 /Task 3 mark: 8 . [Details for Task 1:] /Question 1: 1 0 0 /Question 2: 1 0 /Question 5: 1 0 0 /Question 6: 0 0 0 1 0 /Question 7: 1 1 1 1 1 /Question Table 1: 1 /Question Figure 2: 1 /Question 8: 0 0 /Question 9: 1 1 1 1 0 /Question Table 2: 1 /Question Figure 3: 1 /Question 10: 0 0 /Question 11: 1 1 1 0 0 . [Details for Task 2a:] /Question 12: 1 1 0 0 0 1 0 0 . [Details for Task 2b:] /Fprop check for DropoutLayer: 1 /Bprop check for DropoutLayer: 1 /Call func for L1Penalty: 1 /Grad check for L1Penalty: 1 /Call func for L2Penalty: 1 /Grad check for L2Penalty: 1 /Effort 2: means with test package 1: means with code but no test package 0: means no code or test package >> 2 . [Details for Task 2c:] /Question Table 3: 1 /Question Figure 4: 1 /Question 13: 1 0 1 0 0 1 1 0 0 0 0 /Question 14: 1 1 0 0 0 0 0 0 0 /Question 3: 1 1 . [Details for Task 3:] /Question 15: 1 0 0 1 1 0 0 0 0 0 0 /Question 4: 1 1 .
A11: s1912084 | B11: 40 | C11: Student UUN: s1912084 Total Mark: 40 /Task 1 mark: 14 /Task 2a mark: 5 /Task 2b mark: 5 /Task 2c mark: 0 /Task 3 mark: 0 . [Details for Task 1:] /Question 1: 1 1 1 /Question 2: 1 0 /Question 5: 1 0 0 /Question 6: 0 1 0 1 0 /Question 7: 1 1 1 1 1 /Question Table 1: 1 /Question Figure 2: 1 /Question 8: 1 1 /Question 9: 1 1 1 0 0 /Question Table 2: 1 /Question Figure 3: 1 /Question 10: 1 1 /Question 11: 1 1 0 1 0 . [Details for Task 2a:] /Question 12: 1 0 0 0 0 1 0 0 . [Details for Task 2b:] /Fprop check for DropoutLayer: 0 /Bprop check for DropoutLayer: 0 /Call func for L1Penalty: 0 /Grad check for L1Penalty: 0 /Call func for L2Penalty: 0 /Grad check for L2Penalty: 0 /Effort 2: means with test package 1: means with code but no test package 0: means no code or test package >> 1 . [Details for Task 2c:] /Question Table 3: 0 /Question Figure 4: 0 /Question 13: 0 0 0 0 0 0 0 0 0 0 0 /Question 14: 0 0 0 0 0 0 0 0 0 /Question 3: 0 0 . [Details for Task 3:] /Question 15: 0 0 0 0 0 0 0 0 0 0 0 /Question 4: 0 0 .
A12: s1916676 | B12: 69 | C12: Student UUN: s1916676 Total Mark: 69 /Task 1 mark: 15 /Task 2a mark: 7 /Task 2b mark: 20 /Task 2c mark: 17 /Task 3 mark: 10 . [Details for Task 1:] /Question 1: 1 1 1 /Question 2: 1 0 /Question 5: 1 0 0 /Question 6: 0 0 0 1 0 /Question 7: 1 1 1 1 1 /Question Table 1: 1 /Question Figure 2: 1 /Question 8: 1 1 /Question 9: 1 1 1 1 0 /Question Table 2: 1 /Question Figure 3: 1 /Question 10: 1 1 /Question 11: 1 1 1 1 0 . [Details for Task 2a:] /Question 12: 1 1 1 1 0 1 0 0 . [Details for Task 2b:] /Fprop check for DropoutLayer: 1 /Bprop check for DropoutLayer: 1 /Call func for L1Penalty: 1 /Grad check for L1Penalty: 1 /Call func for L2Penalty: 1 /Grad check for L2Penalty: 1 /Effort 2: means with test package 1: means with code but no test package 0: means no code or test package >> 2 . [Details for Task 2c:] /Question Table 3: 1 /Question Figure 4: 1 /Question 13: 1 0 1 1 0 1 1 0 0 0 0 /Question 14: 1 1 0 0 0 0 0 0 0 /Question 3: 1 1 . [Details for Task 3:] /Question 15: 1 1 0 1 1 0 0 0 1 1 0 /Question 4: 1 1 .
... A198: s2603272 | B198: 66 | C198: Student UUN: s2603272 Total Mark: 66 /Task 1 mark: 16 /Task 2a mark: 5 /Task 2b mark: 20 /Task 2c mark: 17 /Task 3 mark: 8 . [Details for Task 1:] /Question 1: 1 1 1 The overfit model is not more computationally expensive as the same operations take place. If you meant "to produce" that depends on your test. /Question 2: 1 1 True, model performance can increase at first. /Question 5: 1 1 1 "While it is fantastic to achieve perfect, or near- perfect accuracy on the test set" - You mean to say "training". The discussion on comp resources is reasonable only in the sense that overfitting is more likely to happen as you train more (that would have sufficed as a statement). /Question 6: 1 1 0 1 0 /Question 7: 1 1 1 1 1 /Question Table 1: 1 /Question Figure 2: 1 /Question 8: 1 1 /Question 9: 1 0 1 1 0 "When applied to the test set, the overfitting does not apply, but again, the model is of no use when not applied to new data" - This statement is unclear. Overfitting is something that happems during training, and it affects performance in test/deployment. /Question Table 2: 1 /Question Figure 3: 1 /Question 10: 1 1 /Question 11: 1 0 1 1 0 . [Details for Task 2a:] /Question 12: 0 0 0 0 0 1 1 0 The question is about "how" one can combine these. The metaphor did not add to the argument. . [Details for Task 2b:] /Fprop check for DropoutLayer: 1 /Bprop check for DropoutLayer: 1 /Call func for L1Penalty: 1 /Grad check for L1Penalty: 1 /Call func for L2Penalty: 1 /Grad check for L2Penalty: 1 /Effort 2: means with test package 1: means with code but no test package 0: means no code or test package >> 2 . [Details for Task 2c:] /Question Table 3: 0 /Question Figure 4: 0 /Question 13: 1 1 1 0 1 1 1 0 0 0 0 0 /Question 14: 1 1 1 1 0 0 0 0 0 Though overall reasonable, it will be hard to get reasonable evidence from one configuration per combo/single method. This is somewhat mitigated from the fact that you have some results already, and I would have likeed to see that touched upon as a starting point. /Question 3: 1 1 . [Details for Task 3:] /Question 15: 1 0 0 1 0 0 0 0 0 0 1 I liked the discussion on these being tools that have to be used carefully, and especially the highlight of the need to manage the hyperparameters. /Question 4: 1 1 .

Sheet Paste for Upload (Late)
A1: s1713033 | B1: 64 | C1: Student UUN: s1713033 Total Mark: 64 /Task 1 mark: 15 /Task 2a mark: 7 /Task 2b mark: 20 /Task 2c mark: 14 /Task 3 mark: 8 . [Details for Task 1:] /Question 1: 1 1 1 You probably meant "validation error", not "variance error". /Question 2: 1 0 /Question 5: 1 1 1 Note that "loads of training data" might, in fact, prevent the overfitting of the big model. Also, a slowdown is caused more significantly in training, not in performance. Good point on memorization. /Question 6: 1 0 0 1 0 /Question 7: 0 1 1 1 1 You should specify that "local maxima" refers to validation accuracy. /Question Table 1: 1 /Question Figure 2: 1 /Question 8: 1 1 /Question 9: 1 0 1 1 0 /Question Table 2: 1 /Question Figure 3: 1 /Question 10: 1 1 /Question 11: 1 1 1 0 0 . [Details for Task 2a:] /Question 12: 1 1 1 0 1 1 0 0 The question only asks "how" and does not require interpretation of results from Table 3. . [Details for Task 2b:] /Fprop check for DropoutLayer: 1 /Bprop check for DropoutLayer: 1 /Call func for L1Penalty: 1 /Grad check for L1Penalty: 1 /Call func for L2Penalty: 1 /Grad check for L2Penalty: 1 /Effort 2: means with test package 1: means with code but no test package 0: means no code or test package >> 2 . [Details for Task 2c:] /Question Table 3: 1 /Question Figure 4: 0 /Question 13: 0 0 0 0 0 0 1 0 0 0 0 /Question 14: 1 1 0 0 1 1 0 0 0 The answer only asks for 8 experiments but it seems that 10 are indicated: 5 dropout x 2 regularization combinations. Additionally, the second part of the answer seems to suggest some experiments which are not required for this question; if they were meant for Q13, still more work would be needed as the results should align with the ones in the table. /Question 3: 0 0 . [Details for Task 3:] /Question 15: 1 0 0 1 1 0 0 0 1 0 0 /Question 4: 1 1 .
A2: s1808795 | B2: 79 | C2: Student UUN: s1808795 Total Mark: 79 /Task 1 mark: 17 /Task 2a mark: 9 /Task 2b mark: 20 /Task 2c mark: 21 /Task 3 mark: 12 . [Details for Task 1:] /Question 1: 1 1 1 An overfitting model also learns the "underlying patterns". It learns noise in addition to it, not instead/"rather". /Question 2: 1 0 Overfitting happens on training data, not "on noise". /Question 5: 1 0 1 Good point on memorization and applicability. /Question 6: 1 0 0 1 0 /Question 7: 1 1 1 1 1 /Question Table 1: 1 /Question Figure 2: 1 /Question 8: 1 1 /Question 9: 1 1 1 1 1 Indeed, wider models lead to a more complex higher-dimensional error landscape. /Question Table 2: 1 /Question Figure 3: 1 /Question 10: 1 1 /Question 11: 1 1 1 1 1 Indeed, deeper models lead to a more complex error landscape. Also, nice additional observation of the training behavior between epochs 40-50. . [Details for Task 2a:] /Question 12: 1 1 1 1 1 1 0 1 Great point on how the parameters could control the proportion of each regularization type, including switching one on or off. . [Details for Task 2b:] /Fprop check for DropoutLayer: 1 /Bprop check for DropoutLayer: 1 /Call func for L1Penalty: 1 /Grad check for L1Penalty: 1 /Call func for L2Penalty: 1 /Grad check for L2Penalty: 1 /Effort 2: means with test package 1: means with code but no test package 0: means no code or test package >> 2 . [Details for Task 2c:] /Question Table 3: 1 /Question Figure 4: 1 /Question 13: 1 1 1 0 0 1 1 1 0 1 0 Good notice that the trend for L1 is sharper than for L2 when considering the same values. /Question 14: 1 1 0 0 1 1 0 0 0 /Question 3: 1 1 . [Details for Task 3:] /Question 15: 1 0 0 1 0 1 1 1 1 1 1 A very comprehensive discussion of potential future work. /Question 4: 1 1 .
A3: s1929142 | B3: 71 | C3: Student UUN: s1929142 Total Mark: 71 /Task 1 mark: 14 /Task 2a mark: 9 /Task 2b mark: 20 /Task 2c mark: 20 /Task 3 mark: 8 . [Details for Task 1:] /Question 1: 1 1 1 /Question 2: 1 0 /Question 5: 1 0 1 True, "model’s practical utility is severely diminished" /Question 6: 1 1 0 1 0 /Question 7: 1 1 1 0 0 /Question Table 1: 1 /Question Figure 2: 1 /Question 8: 1 1 /Question 9: 1 1 1 0 0 /Question Table 2: 1 /Question Figure 3: 1 /Question 10: 1 1 /Question 11: 1 0 1 1 0 . [Details for Task 2a:] /Question 12: 1 1 1 1 1 1 0 1 Good point on Elastic Net allowing to control L1 and L2 trade-off. . [Details for Task 2b:] /Fprop check for DropoutLayer: 1 /Bprop check for DropoutLayer: 1 /Call func for L1Penalty: 1 /Grad check for L1Penalty: 1 /Call func for L2Penalty: 1 /Grad check for L2Penalty: 1 /Effort 2: means with test package 1: means with code but no test package 0: means no code or test package >> 2 . [Details for Task 2c:] /Question Table 3: 1 /Question Figure 4: 1 /Question 13: 1 1 1 1 1 1 1 0 1 0 0 /Question 14: 1 1 0 0 0 0 0 0 0 /Question 3: 1 1 . [Details for Task 3:] /Question 15: 1 1 0 1 0 0 0 0 1 0 0 /Question 4: 1 0 .
